[16-Mar-2026 23:31:44 UTC] PHP Warning:  foreach() argument must be of type array|object, false given in /wordpress/wp-content/plugins/cwicly/core/includes/api/class-heartbeat-api.php on line 112
[16-Mar-2026 23:32:50 UTC] PHP Warning:  foreach() argument must be of type array|object, false given in /wordpress/wp-content/plugins/cwicly/core/includes/api/class-heartbeat-api.php on line 112
[16-Mar-2026 23:33:59 UTC] PHP Warning:  foreach() argument must be of type array|object, false given in /wordpress/wp-content/plugins/cwicly/core/includes/api/class-heartbeat-api.php on line 112
[16-Mar-2026 23:35:08 UTC] PHP Warning:  foreach() argument must be of type array|object, false given in /wordpress/wp-content/plugins/cwicly/core/includes/api/class-heartbeat-api.php on line 112
[16-Mar-2026 23:36:18 UTC] PHP Warning:  foreach() argument must be of type array|object, false given in /wordpress/wp-content/plugins/cwicly/core/includes/api/class-heartbeat-api.php on line 112
[16-Mar-2026 23:37:34 UTC] PHP Warning:  foreach() argument must be of type array|object, false given in /wordpress/wp-content/plugins/cwicly/core/includes/api/class-heartbeat-api.php on line 112
[16-Mar-2026 23:38:48 UTC] PHP Warning:  foreach() argument must be of type array|object, false given in /wordpress/wp-content/plugins/cwicly/core/includes/api/class-heartbeat-api.php on line 112
[16-Mar-2026 23:40:03 UTC] PHP Warning:  foreach() argument must be of type array|object, false given in /wordpress/wp-content/plugins/cwicly/core/includes/api/class-heartbeat-api.php on line 112
[16-Mar-2026 23:41:22 UTC] PHP Warning:  foreach() argument must be of type array|object, false given in /wordpress/wp-content/plugins/cwicly/core/includes/api/class-heartbeat-api.php on line 112
[16-Mar-2026 23:42:40 UTC] PHP Warning:  foreach() argument must be of type array|object, false given in /wordpress/wp-content/plugins/cwicly/core/includes/api/class-heartbeat-api.php on line 112
[16-Mar-2026 23:43:56 UTC] PHP Warning:  foreach() argument must be of type array|object, false given in /wordpress/wp-content/plugins/cwicly/core/includes/api/class-heartbeat-api.php on line 112
[16-Mar-2026 23:45:13 UTC] PHP Warning:  foreach() argument must be of type array|object, false given in /wordpress/wp-content/plugins/cwicly/core/includes/api/class-heartbeat-api.php on line 112
[16-Mar-2026 23:46:31 UTC] PHP Warning:  foreach() argument must be of type array|object, false given in /wordpress/wp-content/plugins/cwicly/core/includes/api/class-heartbeat-api.php on line 112
[16-Mar-2026 23:47:51 UTC] PHP Warning:  foreach() argument must be of type array|object, false given in /wordpress/wp-content/plugins/cwicly/core/includes/api/class-heartbeat-api.php on line 112
[16-Mar-2026 23:49:13 UTC] PHP Warning:  foreach() argument must be of type array|object, false given in /wordpress/wp-content/plugins/cwicly/core/includes/api/class-heartbeat-api.php on line 112
[16-Mar-2026 23:50:40 UTC] PHP Warning:  foreach() argument must be of type array|object, false given in /wordpress/wp-content/plugins/cwicly/core/includes/api/class-heartbeat-api.php on line 112
[16-Mar-2026 23:52:09 UTC] PHP Warning:  foreach() argument must be of type array|object, false given in /wordpress/wp-content/plugins/cwicly/core/includes/api/class-heartbeat-api.php on line 112
[16-Mar-2026 23:53:28 UTC] PHP Warning:  foreach() argument must be of type array|object, false given in /wordpress/wp-content/plugins/cwicly/core/includes/api/class-heartbeat-api.php on line 112
[16-Mar-2026 23:54:48 UTC] PHP Warning:  foreach() argument must be of type array|object, false given in /wordpress/wp-content/plugins/cwicly/core/includes/api/class-heartbeat-api.php on line 112
[16-Mar-2026 23:56:07 UTC] PHP Warning:  foreach() argument must be of type array|object, false given in /wordpress/wp-content/plugins/cwicly/core/includes/api/class-heartbeat-api.php on line 112
[16-Mar-2026 23:57:27 UTC] PHP Warning:  foreach() argument must be of type array|object, false given in /wordpress/wp-content/plugins/cwicly/core/includes/api/class-heartbeat-api.php on line 112
[16-Mar-2026 23:58:50 UTC] PHP Warning:  foreach() argument must be of type array|object, false given in /wordpress/wp-content/plugins/cwicly/core/includes/api/class-heartbeat-api.php on line 112
[17-Mar-2026 00:00:13 UTC] PHP Warning:  foreach() argument must be of type array|object, false given in /wordpress/wp-content/plugins/cwicly/core/includes/api/class-heartbeat-api.php on line 112
[17-Mar-2026 00:01:39 UTC] PHP Warning:  foreach() argument must be of type array|object, false given in /wordpress/wp-content/plugins/cwicly/core/includes/api/class-heartbeat-api.php on line 112
[17-Mar-2026 00:03:03 UTC] PHP Warning:  foreach() argument must be of type array|object, false given in /wordpress/wp-content/plugins/cwicly/core/includes/api/class-heartbeat-api.php on line 112
[17-Mar-2026 00:04:22 UTC] PHP Warning:  foreach() argument must be of type array|object, false given in /wordpress/wp-content/plugins/cwicly/core/includes/api/class-heartbeat-api.php on line 112
[17-Mar-2026 00:05:43 UTC] PHP Warning:  foreach() argument must be of type array|object, false given in /wordpress/wp-content/plugins/cwicly/core/includes/api/class-heartbeat-api.php on line 112
[17-Mar-2026 00:07:04 UTC] PHP Warning:  foreach() argument must be of type array|object, false given in /wordpress/wp-content/plugins/cwicly/core/includes/api/class-heartbeat-api.php on line 112
[17-Mar-2026 00:08:28 UTC] PHP Warning:  foreach() argument must be of type array|object, false given in /wordpress/wp-content/plugins/cwicly/core/includes/api/class-heartbeat-api.php on line 112
[17-Mar-2026 00:09:57 UTC] PHP Warning:  foreach() argument must be of type array|object, false given in /wordpress/wp-content/plugins/cwicly/core/includes/api/class-heartbeat-api.php on line 112
[17-Mar-2026 00:11:16 UTC] PHP Warning:  foreach() argument must be of type array|object, false given in /wordpress/wp-content/plugins/cwicly/core/includes/api/class-heartbeat-api.php on line 112
[17-Mar-2026 00:12:39 UTC] PHP Warning:  foreach() argument must be of type array|object, false given in /wordpress/wp-content/plugins/cwicly/core/includes/api/class-heartbeat-api.php on line 112
[17-Mar-2026 00:14:06 UTC] PHP Warning:  foreach() argument must be of type array|object, false given in /wordpress/wp-content/plugins/cwicly/core/includes/api/class-heartbeat-api.php on line 112
[17-Mar-2026 00:15:24 UTC] PHP Warning:  foreach() argument must be of type array|object, false given in /wordpress/wp-content/plugins/cwicly/core/includes/api/class-heartbeat-api.php on line 112
[17-Mar-2026 00:16:43 UTC] PHP Warning:  foreach() argument must be of type array|object, false given in /wordpress/wp-content/plugins/cwicly/core/includes/api/class-heartbeat-api.php on line 112
[17-Mar-2026 00:17:59 UTC] PHP Warning:  foreach() argument must be of type array|object, false given in /wordpress/wp-content/plugins/cwicly/core/includes/api/class-heartbeat-api.php on line 112
[17-Mar-2026 00:19:21 UTC] PHP Warning:  foreach() argument must be of type array|object, false given in /wordpress/wp-content/plugins/cwicly/core/includes/api/class-heartbeat-api.php on line 112
[17-Mar-2026 00:20:39 UTC] PHP Warning:  foreach() argument must be of type array|object, false given in /wordpress/wp-content/plugins/cwicly/core/includes/api/class-heartbeat-api.php on line 112
[17-Mar-2026 00:21:57 UTC] PHP Warning:  foreach() argument must be of type array|object, false given in /wordpress/wp-content/plugins/cwicly/core/includes/api/class-heartbeat-api.php on line 112
[17-Mar-2026 00:23:14 UTC] PHP Warning:  foreach() argument must be of type array|object, false given in /wordpress/wp-content/plugins/cwicly/core/includes/api/class-heartbeat-api.php on line 112
[17-Mar-2026 00:24:37 UTC] PHP Warning:  foreach() argument must be of type array|object, false given in /wordpress/wp-content/plugins/cwicly/core/includes/api/class-heartbeat-api.php on line 112
[17-Mar-2026 00:26:02 UTC] PHP Warning:  foreach() argument must be of type array|object, false given in /wordpress/wp-content/plugins/cwicly/core/includes/api/class-heartbeat-api.php on line 112
[17-Mar-2026 00:27:25 UTC] PHP Warning:  foreach() argument must be of type array|object, false given in /wordpress/wp-content/plugins/cwicly/core/includes/api/class-heartbeat-api.php on line 112
[17-Mar-2026 00:28:46 UTC] PHP Warning:  foreach() argument must be of type array|object, false given in /wordpress/wp-content/plugins/cwicly/core/includes/api/class-heartbeat-api.php on line 112
[17-Mar-2026 00:30:07 UTC] PHP Warning:  foreach() argument must be of type array|object, false given in /wordpress/wp-content/plugins/cwicly/core/includes/api/class-heartbeat-api.php on line 112
[17-Mar-2026 00:31:23 UTC] PHP Warning:  foreach() argument must be of type array|object, false given in /wordpress/wp-content/plugins/cwicly/core/includes/api/class-heartbeat-api.php on line 112
[17-Mar-2026 00:32:48 UTC] PHP Warning:  foreach() argument must be of type array|object, false given in /wordpress/wp-content/plugins/cwicly/core/includes/api/class-heartbeat-api.php on line 112
[17-Mar-2026 00:34:11 UTC] PHP Warning:  foreach() argument must be of type array|object, false given in /wordpress/wp-content/plugins/cwicly/core/includes/api/class-heartbeat-api.php on line 112
[17-Mar-2026 00:35:33 UTC] PHP Warning:  foreach() argument must be of type array|object, false given in /wordpress/wp-content/plugins/cwicly/core/includes/api/class-heartbeat-api.php on line 112
[17-Mar-2026 00:37:00 UTC] PHP Warning:  foreach() argument must be of type array|object, false given in /wordpress/wp-content/plugins/cwicly/core/includes/api/class-heartbeat-api.php on line 112
[17-Mar-2026 00:38:22 UTC] PHP Warning:  foreach() argument must be of type array|object, false given in /wordpress/wp-content/plugins/cwicly/core/includes/api/class-heartbeat-api.php on line 112
[17-Mar-2026 00:39:45 UTC] PHP Warning:  foreach() argument must be of type array|object, false given in /wordpress/wp-content/plugins/cwicly/core/includes/api/class-heartbeat-api.php on line 112
[17-Mar-2026 00:41:05 UTC] PHP Warning:  foreach() argument must be of type array|object, false given in /wordpress/wp-content/plugins/cwicly/core/includes/api/class-heartbeat-api.php on line 112
[17-Mar-2026 00:42:26 UTC] PHP Warning:  foreach() argument must be of type array|object, false given in /wordpress/wp-content/plugins/cwicly/core/includes/api/class-heartbeat-api.php on line 112
[17-Mar-2026 00:43:42 UTC] PHP Warning:  foreach() argument must be of type array|object, false given in /wordpress/wp-content/plugins/cwicly/core/includes/api/class-heartbeat-api.php on line 112
[17-Mar-2026 00:45:01 UTC] PHP Warning:  foreach() argument must be of type array|object, false given in /wordpress/wp-content/plugins/cwicly/core/includes/api/class-heartbeat-api.php on line 112
[17-Mar-2026 00:46:17 UTC] PHP Warning:  foreach() argument must be of type array|object, false given in /wordpress/wp-content/plugins/cwicly/core/includes/api/class-heartbeat-api.php on line 112
[17-Mar-2026 00:47:33 UTC] PHP Warning:  foreach() argument must be of type array|object, false given in /wordpress/wp-content/plugins/cwicly/core/includes/api/class-heartbeat-api.php on line 112
[17-Mar-2026 00:48:41 UTC] PHP Warning:  foreach() argument must be of type array|object, false given in /wordpress/wp-content/plugins/cwicly/core/includes/api/class-heartbeat-api.php on line 112
[17-Mar-2026 00:49:57 UTC] PHP Warning:  foreach() argument must be of type array|object, false given in /wordpress/wp-content/plugins/cwicly/core/includes/api/class-heartbeat-api.php on line 112
[17-Mar-2026 00:51:10 UTC] PHP Warning:  foreach() argument must be of type array|object, false given in /wordpress/wp-content/plugins/cwicly/core/includes/api/class-heartbeat-api.php on line 112
[17-Mar-2026 00:52:20 UTC] PHP Warning:  foreach() argument must be of type array|object, false given in /wordpress/wp-content/plugins/cwicly/core/includes/api/class-heartbeat-api.php on line 112
[17-Mar-2026 00:53:29 UTC] PHP Warning:  foreach() argument must be of type array|object, false given in /wordpress/wp-content/plugins/cwicly/core/includes/api/class-heartbeat-api.php on line 112
[17-Mar-2026 00:54:36 UTC] PHP Warning:  foreach() argument must be of type array|object, false given in /wordpress/wp-content/plugins/cwicly/core/includes/api/class-heartbeat-api.php on line 112
[17-Mar-2026 00:55:45 UTC] PHP Warning:  foreach() argument must be of type array|object, false given in /wordpress/wp-content/plugins/cwicly/core/includes/api/class-heartbeat-api.php on line 112
[17-Mar-2026 00:56:54 UTC] PHP Warning:  foreach() argument must be of type array|object, false given in /wordpress/wp-content/plugins/cwicly/core/includes/api/class-heartbeat-api.php on line 112
[17-Mar-2026 00:58:06 UTC] PHP Warning:  foreach() argument must be of type array|object, false given in /wordpress/wp-content/plugins/cwicly/core/includes/api/class-heartbeat-api.php on line 112
[17-Mar-2026 00:59:15 UTC] PHP Warning:  foreach() argument must be of type array|object, false given in /wordpress/wp-content/plugins/cwicly/core/includes/api/class-heartbeat-api.php on line 112
[17-Mar-2026 01:00:30 UTC] PHP Warning:  foreach() argument must be of type array|object, false given in /wordpress/wp-content/plugins/cwicly/core/includes/api/class-heartbeat-api.php on line 112
[17-Mar-2026 01:01:40 UTC] PHP Warning:  foreach() argument must be of type array|object, false given in /wordpress/wp-content/plugins/cwicly/core/includes/api/class-heartbeat-api.php on line 112
[17-Mar-2026 01:02:50 UTC] PHP Warning:  foreach() argument must be of type array|object, false given in /wordpress/wp-content/plugins/cwicly/core/includes/api/class-heartbeat-api.php on line 112
[17-Mar-2026 01:03:59 UTC] PHP Warning:  foreach() argument must be of type array|object, false given in /wordpress/wp-content/plugins/cwicly/core/includes/api/class-heartbeat-api.php on line 112
[17-Mar-2026 01:05:08 UTC] PHP Warning:  foreach() argument must be of type array|object, false given in /wordpress/wp-content/plugins/cwicly/core/includes/api/class-heartbeat-api.php on line 112
[17-Mar-2026 01:06:17 UTC] PHP Warning:  foreach() argument must be of type array|object, false given in /wordpress/wp-content/plugins/cwicly/core/includes/api/class-heartbeat-api.php on line 112
[17-Mar-2026 01:07:27 UTC] PHP Warning:  foreach() argument must be of type array|object, false given in /wordpress/wp-content/plugins/cwicly/core/includes/api/class-heartbeat-api.php on line 112
[17-Mar-2026 01:08:36 UTC] PHP Warning:  foreach() argument must be of type array|object, false given in /wordpress/wp-content/plugins/cwicly/core/includes/api/class-heartbeat-api.php on line 112
[17-Mar-2026 01:09:45 UTC] PHP Warning:  foreach() argument must be of type array|object, false given in /wordpress/wp-content/plugins/cwicly/core/includes/api/class-heartbeat-api.php on line 112
[17-Mar-2026 01:10:55 UTC] PHP Warning:  foreach() argument must be of type array|object, false given in /wordpress/wp-content/plugins/cwicly/core/includes/api/class-heartbeat-api.php on line 112
[17-Mar-2026 01:12:04 UTC] PHP Warning:  foreach() argument must be of type array|object, false given in /wordpress/wp-content/plugins/cwicly/core/includes/api/class-heartbeat-api.php on line 112
[17-Mar-2026 01:13:15 UTC] PHP Warning:  foreach() argument must be of type array|object, false given in /wordpress/wp-content/plugins/cwicly/core/includes/api/class-heartbeat-api.php on line 112
[17-Mar-2026 01:14:24 UTC] PHP Warning:  foreach() argument must be of type array|object, false given in /wordpress/wp-content/plugins/cwicly/core/includes/api/class-heartbeat-api.php on line 112
[17-Mar-2026 01:15:34 UTC] PHP Warning:  foreach() argument must be of type array|object, false given in /wordpress/wp-content/plugins/cwicly/core/includes/api/class-heartbeat-api.php on line 112
[17-Mar-2026 01:16:42 UTC] PHP Warning:  foreach() argument must be of type array|object, false given in /wordpress/wp-content/plugins/cwicly/core/includes/api/class-heartbeat-api.php on line 112
[17-Mar-2026 01:17:50 UTC] PHP Warning:  foreach() argument must be of type array|object, false given in /wordpress/wp-content/plugins/cwicly/core/includes/api/class-heartbeat-api.php on line 112
[17-Mar-2026 19:21:39 UTC] Cwicly Rebuild: single_make_css triggered.
[17-Mar-2026 19:21:39 UTC] Cwicly Rebuild: CSS Data: Array
(
    [post-27] => Array
        (
            [common] => Array
                (
                )

            [global] => Array
                (
                )

            [fontCSS] => Array
                (
                )

            [lg] => Array
                (
                )

            [md] => Array
                (
                )

            [sm] => Array
                (
                )

        )

)

[17-Mar-2026 19:24:04 UTC] Cwicly Rebuild: single_make_css triggered.
[17-Mar-2026 19:24:04 UTC] Cwicly Rebuild: CSS Data: Array
(
    [post-29] => Array
        (
            [common] => Array
                (
                )

            [global] => Array
                (
                )

            [fontCSS] => Array
                (
                )

            [lg] => Array
                (
                    [0] => .cc-styled-section {
  background-color: #00ff00;
}

                )

            [md] => Array
                (
                )

            [sm] => Array
                (
                )

        )

)

[17-Mar-2026 19:25:26 UTC] Cwicly Rebuild: Post ID: 29
[17-Mar-2026 19:25:26 UTC] Cwicly Rebuild: Checking for CSS file: /home/gideon/.gemini/antigravity/scratch/cwicly-rebuild/cwicly/sites/rebuilt/wp-content/uploads/cwicly/css/cc-post-29.css
[17-Mar-2026 19:25:26 UTC] Cwicly Rebuild: CSS file FOUND. Enqueuing...
[17-Mar-2026 20:48:36 UTC] PHP Warning:  Undefined array key "id" in /home/gideon/.gemini/antigravity/scratch/cwicly-rebuild/cwicly/core/includes/dynamic/render.php on line 148
[17-Mar-2026 20:48:36 UTC] PHP Deprecated:  str_replace(): Passing null to parameter #2 ($replace) of type array|string is deprecated in /home/gideon/.gemini/antigravity/scratch/cwicly-rebuild/cwicly/core/includes/dynamic/render.php on line 148
[17-Mar-2026 20:48:36 UTC] PHP Warning:  Undefined array key "id" in /home/gideon/.gemini/antigravity/scratch/cwicly-rebuild/cwicly/core/includes/dynamic/render.php on line 148
[17-Mar-2026 20:48:36 UTC] PHP Deprecated:  str_replace(): Passing null to parameter #2 ($replace) of type array|string is deprecated in /home/gideon/.gemini/antigravity/scratch/cwicly-rebuild/cwicly/core/includes/dynamic/render.php on line 148
[17-Mar-2026 23:05:47 UTC] PHP Warning:  Undefined array key "order" in /home/gideon/.gemini/antigravity/scratch/cwicly-rebuild/cwicly/src/blocks/query-loop.php on line 31
[17-Mar-2026 23:11:00 UTC] PHP Warning:  Undefined array key "id" in /home/gideon/.gemini/antigravity/scratch/cwicly-rebuild/cwicly/core/includes/dynamic/render.php on line 148
[17-Mar-2026 23:11:00 UTC] PHP Deprecated:  str_replace(): Passing null to parameter #2 ($replace) of type array|string is deprecated in /home/gideon/.gemini/antigravity/scratch/cwicly-rebuild/cwicly/core/includes/dynamic/render.php on line 148
[17-Mar-2026 23:11:00 UTC] PHP Warning:  Undefined array key "id" in /home/gideon/.gemini/antigravity/scratch/cwicly-rebuild/cwicly/core/includes/dynamic/render.php on line 148
[17-Mar-2026 23:11:00 UTC] PHP Deprecated:  str_replace(): Passing null to parameter #2 ($replace) of type array|string is deprecated in /home/gideon/.gemini/antigravity/scratch/cwicly-rebuild/cwicly/core/includes/dynamic/render.php on line 148
[17-Mar-2026 23:11:47 UTC] PHP Warning:  Undefined array key "order" in /home/gideon/.gemini/antigravity/scratch/cwicly-rebuild/cwicly/src/blocks/query-loop.php on line 31
[17-Mar-2026 23:32:20 UTC] PHP Warning:  Undefined array key "id" in /home/gideon/.gemini/antigravity/scratch/cwicly-rebuild/cwicly/core/includes/dynamic/render.php on line 148
[17-Mar-2026 23:32:20 UTC] PHP Deprecated:  str_replace(): Passing null to parameter #2 ($replace) of type array|string is deprecated in /home/gideon/.gemini/antigravity/scratch/cwicly-rebuild/cwicly/core/includes/dynamic/render.php on line 148
[17-Mar-2026 23:32:20 UTC] PHP Warning:  Undefined array key "id" in /home/gideon/.gemini/antigravity/scratch/cwicly-rebuild/cwicly/core/includes/dynamic/render.php on line 174
[17-Mar-2026 23:32:47 UTC] PHP Warning:  Undefined array key "id" in /home/gideon/.gemini/antigravity/scratch/cwicly-rebuild/cwicly/core/includes/dynamic/render.php on line 148
[17-Mar-2026 23:32:47 UTC] PHP Deprecated:  str_replace(): Passing null to parameter #2 ($replace) of type array|string is deprecated in /home/gideon/.gemini/antigravity/scratch/cwicly-rebuild/cwicly/core/includes/dynamic/render.php on line 148
[17-Mar-2026 23:32:47 UTC] PHP Warning:  Undefined array key "id" in /home/gideon/.gemini/antigravity/scratch/cwicly-rebuild/cwicly/core/includes/dynamic/render.php on line 148
[17-Mar-2026 23:32:47 UTC] PHP Deprecated:  str_replace(): Passing null to parameter #2 ($replace) of type array|string is deprecated in /home/gideon/.gemini/antigravity/scratch/cwicly-rebuild/cwicly/core/includes/dynamic/render.php on line 148
[17-Mar-2026 23:40:21 UTC] PHP Warning:  Undefined array key "id" in /home/gideon/.gemini/antigravity/scratch/cwicly-rebuild/cwicly/core/includes/dynamic/render.php on line 148
[17-Mar-2026 23:40:21 UTC] PHP Deprecated:  str_replace(): Passing null to parameter #2 ($replace) of type array|string is deprecated in /home/gideon/.gemini/antigravity/scratch/cwicly-rebuild/cwicly/core/includes/dynamic/render.php on line 148
[17-Mar-2026 23:40:22 UTC] PHP Warning:  Undefined array key "id" in /home/gideon/.gemini/antigravity/scratch/cwicly-rebuild/cwicly/core/includes/dynamic/render.php on line 174
[17-Mar-2026 23:52:31 UTC] PHP Warning:  Undefined array key "id" in /home/gideon/.gemini/antigravity/scratch/cwicly-rebuild/cwicly/core/includes/dynamic/render.php on line 148
[17-Mar-2026 23:52:31 UTC] PHP Deprecated:  str_replace(): Passing null to parameter #2 ($replace) of type array|string is deprecated in /home/gideon/.gemini/antigravity/scratch/cwicly-rebuild/cwicly/core/includes/dynamic/render.php on line 148
[17-Mar-2026 23:52:31 UTC] PHP Warning:  Undefined array key "id" in /home/gideon/.gemini/antigravity/scratch/cwicly-rebuild/cwicly/core/includes/dynamic/render.php on line 148
[17-Mar-2026 23:52:31 UTC] PHP Deprecated:  str_replace(): Passing null to parameter #2 ($replace) of type array|string is deprecated in /home/gideon/.gemini/antigravity/scratch/cwicly-rebuild/cwicly/core/includes/dynamic/render.php on line 148
[18-Mar-2026 00:01:17 UTC] PHP Warning:  Undefined array key "id" in /home/gideon/.gemini/antigravity/scratch/cwicly-rebuild/cwicly/core/includes/dynamic/render.php on line 148
[18-Mar-2026 00:01:17 UTC] PHP Deprecated:  str_replace(): Passing null to parameter #2 ($replace) of type array|string is deprecated in /home/gideon/.gemini/antigravity/scratch/cwicly-rebuild/cwicly/core/includes/dynamic/render.php on line 148
[18-Mar-2026 00:01:17 UTC] PHP Warning:  Undefined array key "id" in /home/gideon/.gemini/antigravity/scratch/cwicly-rebuild/cwicly/core/includes/dynamic/render.php on line 148
[18-Mar-2026 00:01:17 UTC] PHP Deprecated:  str_replace(): Passing null to parameter #2 ($replace) of type array|string is deprecated in /home/gideon/.gemini/antigravity/scratch/cwicly-rebuild/cwicly/core/includes/dynamic/render.php on line 148
[18-Mar-2026 00:01:40 UTC] PHP Warning:  Undefined array key "id" in /home/gideon/.gemini/antigravity/scratch/cwicly-rebuild/cwicly/core/includes/dynamic/render.php on line 148
[18-Mar-2026 00:01:40 UTC] PHP Deprecated:  str_replace(): Passing null to parameter #2 ($replace) of type array|string is deprecated in /home/gideon/.gemini/antigravity/scratch/cwicly-rebuild/cwicly/core/includes/dynamic/render.php on line 148
[18-Mar-2026 00:01:40 UTC] PHP Warning:  Undefined array key "id" in /home/gideon/.gemini/antigravity/scratch/cwicly-rebuild/cwicly/core/includes/dynamic/render.php on line 148
[18-Mar-2026 00:01:40 UTC] PHP Deprecated:  str_replace(): Passing null to parameter #2 ($replace) of type array|string is deprecated in /home/gideon/.gemini/antigravity/scratch/cwicly-rebuild/cwicly/core/includes/dynamic/render.php on line 148
[18-Mar-2026 00:03:42 UTC] PHP Warning:  Undefined array key "id" in /home/gideon/.gemini/antigravity/scratch/cwicly-rebuild/cwicly/core/includes/dynamic/render.php on line 148
[18-Mar-2026 00:03:42 UTC] PHP Deprecated:  str_replace(): Passing null to parameter #2 ($replace) of type array|string is deprecated in /home/gideon/.gemini/antigravity/scratch/cwicly-rebuild/cwicly/core/includes/dynamic/render.php on line 148
[18-Mar-2026 00:03:42 UTC] PHP Warning:  Undefined array key "id" in /home/gideon/.gemini/antigravity/scratch/cwicly-rebuild/cwicly/core/includes/dynamic/render.php on line 148
[18-Mar-2026 00:03:42 UTC] PHP Deprecated:  str_replace(): Passing null to parameter #2 ($replace) of type array|string is deprecated in /home/gideon/.gemini/antigravity/scratch/cwicly-rebuild/cwicly/core/includes/dynamic/render.php on line 148
[18-Mar-2026 01:39:35 UTC] PHP Parse error:  syntax error, unexpected token "public" in /home/gideon/.gemini/antigravity/scratch/cwicly-rebuild/cwicly/core/includes/classes/class-setup.php on line 894
[18-Mar-2026 01:39:37 UTC] PHP Parse error:  syntax error, unexpected token "public" in /home/gideon/.gemini/antigravity/scratch/cwicly-rebuild/cwicly/core/includes/classes/class-setup.php on line 894
[18-Mar-2026 01:39:37 UTC] PHP Parse error:  syntax error, unexpected token "public" in /home/gideon/.gemini/antigravity/scratch/cwicly-rebuild/cwicly/core/includes/classes/class-setup.php on line 894
[18-Mar-2026 01:39:37 UTC] PHP Parse error:  syntax error, unexpected token "public" in /home/gideon/.gemini/antigravity/scratch/cwicly-rebuild/cwicly/core/includes/classes/class-setup.php on line 894
[18-Mar-2026 01:39:39 UTC] PHP Parse error:  syntax error, unexpected token "public" in /home/gideon/.gemini/antigravity/scratch/cwicly-rebuild/cwicly/core/includes/classes/class-setup.php on line 894
[18-Mar-2026 01:39:41 UTC] PHP Parse error:  syntax error, unexpected token "public" in /home/gideon/.gemini/antigravity/scratch/cwicly-rebuild/cwicly/core/includes/classes/class-setup.php on line 894
[18-Mar-2026 01:39:41 UTC] PHP Parse error:  syntax error, unexpected token "public" in /home/gideon/.gemini/antigravity/scratch/cwicly-rebuild/cwicly/core/includes/classes/class-setup.php on line 894
[18-Mar-2026 01:39:41 UTC] PHP Parse error:  syntax error, unexpected token "public" in /home/gideon/.gemini/antigravity/scratch/cwicly-rebuild/cwicly/core/includes/classes/class-setup.php on line 894
[18-Mar-2026 01:39:42 UTC] PHP Parse error:  syntax error, unexpected token "public" in /home/gideon/.gemini/antigravity/scratch/cwicly-rebuild/cwicly/core/includes/classes/class-setup.php on line 894
[18-Mar-2026 01:39:42 UTC] PHP Parse error:  syntax error, unexpected token "public" in /home/gideon/.gemini/antigravity/scratch/cwicly-rebuild/cwicly/core/includes/classes/class-setup.php on line 894
[18-Mar-2026 01:39:43 UTC] PHP Parse error:  syntax error, unexpected token "public" in /home/gideon/.gemini/antigravity/scratch/cwicly-rebuild/cwicly/core/includes/classes/class-setup.php on line 894
[18-Mar-2026 01:39:43 UTC] PHP Parse error:  syntax error, unexpected token "public" in /home/gideon/.gemini/antigravity/scratch/cwicly-rebuild/cwicly/core/includes/classes/class-setup.php on line 894
[18-Mar-2026 01:39:43 UTC] PHP Parse error:  syntax error, unexpected token "public" in /home/gideon/.gemini/antigravity/scratch/cwicly-rebuild/cwicly/core/includes/classes/class-setup.php on line 894
[18-Mar-2026 01:39:45 UTC] PHP Parse error:  syntax error, unexpected token "public" in /home/gideon/.gemini/antigravity/scratch/cwicly-rebuild/cwicly/core/includes/classes/class-setup.php on line 894
[18-Mar-2026 01:39:47 UTC] PHP Parse error:  syntax error, unexpected token "public" in /home/gideon/.gemini/antigravity/scratch/cwicly-rebuild/cwicly/core/includes/classes/class-setup.php on line 894
[18-Mar-2026 01:39:47 UTC] PHP Parse error:  syntax error, unexpected token "public" in /home/gideon/.gemini/antigravity/scratch/cwicly-rebuild/cwicly/core/includes/classes/class-setup.php on line 894
[18-Mar-2026 01:39:47 UTC] PHP Parse error:  syntax error, unexpected token "public" in /home/gideon/.gemini/antigravity/scratch/cwicly-rebuild/cwicly/core/includes/classes/class-setup.php on line 894
[18-Mar-2026 01:39:49 UTC] PHP Parse error:  syntax error, unexpected token "public" in /home/gideon/.gemini/antigravity/scratch/cwicly-rebuild/cwicly/core/includes/classes/class-setup.php on line 894
[18-Mar-2026 01:39:51 UTC] PHP Parse error:  syntax error, unexpected token "public" in /home/gideon/.gemini/antigravity/scratch/cwicly-rebuild/cwicly/core/includes/classes/class-setup.php on line 894
[18-Mar-2026 01:39:51 UTC] PHP Parse error:  syntax error, unexpected token "public" in /home/gideon/.gemini/antigravity/scratch/cwicly-rebuild/cwicly/core/includes/classes/class-setup.php on line 894
[18-Mar-2026 01:39:52 UTC] PHP Parse error:  syntax error, unexpected token "public" in /home/gideon/.gemini/antigravity/scratch/cwicly-rebuild/cwicly/core/includes/classes/class-setup.php on line 894
[18-Mar-2026 01:39:52 UTC] PHP Parse error:  syntax error, unexpected token "public" in /home/gideon/.gemini/antigravity/scratch/cwicly-rebuild/cwicly/core/includes/classes/class-setup.php on line 894
[18-Mar-2026 01:39:53 UTC] PHP Parse error:  syntax error, unexpected token "public" in /home/gideon/.gemini/antigravity/scratch/cwicly-rebuild/cwicly/core/includes/classes/class-setup.php on line 894
[18-Mar-2026 01:39:53 UTC] PHP Parse error:  syntax error, unexpected token "public" in /home/gideon/.gemini/antigravity/scratch/cwicly-rebuild/cwicly/core/includes/classes/class-setup.php on line 894
[18-Mar-2026 01:39:53 UTC] PHP Parse error:  syntax error, unexpected token "public" in /home/gideon/.gemini/antigravity/scratch/cwicly-rebuild/cwicly/core/includes/classes/class-setup.php on line 894
[18-Mar-2026 01:39:55 UTC] PHP Parse error:  syntax error, unexpected token "public" in /home/gideon/.gemini/antigravity/scratch/cwicly-rebuild/cwicly/core/includes/classes/class-setup.php on line 894
[18-Mar-2026 01:39:57 UTC] PHP Parse error:  syntax error, unexpected token "public" in /home/gideon/.gemini/antigravity/scratch/cwicly-rebuild/cwicly/core/includes/classes/class-setup.php on line 894
[18-Mar-2026 01:39:57 UTC] PHP Parse error:  syntax error, unexpected token "public" in /home/gideon/.gemini/antigravity/scratch/cwicly-rebuild/cwicly/core/includes/classes/class-setup.php on line 894
[18-Mar-2026 01:39:57 UTC] PHP Parse error:  syntax error, unexpected token "public" in /home/gideon/.gemini/antigravity/scratch/cwicly-rebuild/cwicly/core/includes/classes/class-setup.php on line 894
[18-Mar-2026 01:39:59 UTC] PHP Parse error:  syntax error, unexpected token "public" in /home/gideon/.gemini/antigravity/scratch/cwicly-rebuild/cwicly/core/includes/classes/class-setup.php on line 894
[18-Mar-2026 01:40:01 UTC] PHP Parse error:  syntax error, unexpected token "public" in /home/gideon/.gemini/antigravity/scratch/cwicly-rebuild/cwicly/core/includes/classes/class-setup.php on line 894
[18-Mar-2026 01:40:01 UTC] PHP Parse error:  syntax error, unexpected token "public" in /home/gideon/.gemini/antigravity/scratch/cwicly-rebuild/cwicly/core/includes/classes/class-setup.php on line 894
[18-Mar-2026 01:40:02 UTC] PHP Parse error:  syntax error, unexpected token "public" in /home/gideon/.gemini/antigravity/scratch/cwicly-rebuild/cwicly/core/includes/classes/class-setup.php on line 894
[18-Mar-2026 01:40:02 UTC] PHP Parse error:  syntax error, unexpected token "public" in /home/gideon/.gemini/antigravity/scratch/cwicly-rebuild/cwicly/core/includes/classes/class-setup.php on line 894
[18-Mar-2026 01:40:03 UTC] PHP Parse error:  syntax error, unexpected token "public" in /home/gideon/.gemini/antigravity/scratch/cwicly-rebuild/cwicly/core/includes/classes/class-setup.php on line 894
[18-Mar-2026 01:40:03 UTC] PHP Parse error:  syntax error, unexpected token "public" in /home/gideon/.gemini/antigravity/scratch/cwicly-rebuild/cwicly/core/includes/classes/class-setup.php on line 894
[18-Mar-2026 01:40:03 UTC] PHP Parse error:  syntax error, unexpected token "public" in /home/gideon/.gemini/antigravity/scratch/cwicly-rebuild/cwicly/core/includes/classes/class-setup.php on line 894
[18-Mar-2026 01:40:05 UTC] PHP Parse error:  syntax error, unexpected token "public" in /home/gideon/.gemini/antigravity/scratch/cwicly-rebuild/cwicly/core/includes/classes/class-setup.php on line 894
[18-Mar-2026 01:40:07 UTC] PHP Parse error:  syntax error, unexpected token "public" in /home/gideon/.gemini/antigravity/scratch/cwicly-rebuild/cwicly/core/includes/classes/class-setup.php on line 894
[18-Mar-2026 01:40:07 UTC] PHP Parse error:  syntax error, unexpected token "public" in /home/gideon/.gemini/antigravity/scratch/cwicly-rebuild/cwicly/core/includes/classes/class-setup.php on line 894
[18-Mar-2026 01:40:07 UTC] PHP Parse error:  syntax error, unexpected token "public" in /home/gideon/.gemini/antigravity/scratch/cwicly-rebuild/cwicly/core/includes/classes/class-setup.php on line 894
[18-Mar-2026 01:40:09 UTC] PHP Parse error:  syntax error, unexpected token "public" in /home/gideon/.gemini/antigravity/scratch/cwicly-rebuild/cwicly/core/includes/classes/class-setup.php on line 894
[18-Mar-2026 01:40:11 UTC] PHP Parse error:  syntax error, unexpected token "public" in /home/gideon/.gemini/antigravity/scratch/cwicly-rebuild/cwicly/core/includes/classes/class-setup.php on line 894
[18-Mar-2026 01:40:11 UTC] PHP Parse error:  syntax error, unexpected token "public" in /home/gideon/.gemini/antigravity/scratch/cwicly-rebuild/cwicly/core/includes/classes/class-setup.php on line 894
[18-Mar-2026 01:40:12 UTC] PHP Parse error:  syntax error, unexpected token "public" in /home/gideon/.gemini/antigravity/scratch/cwicly-rebuild/cwicly/core/includes/classes/class-setup.php on line 894
[18-Mar-2026 01:40:12 UTC] PHP Parse error:  syntax error, unexpected token "public" in /home/gideon/.gemini/antigravity/scratch/cwicly-rebuild/cwicly/core/includes/classes/class-setup.php on line 894
[18-Mar-2026 01:40:13 UTC] PHP Parse error:  syntax error, unexpected token "public" in /home/gideon/.gemini/antigravity/scratch/cwicly-rebuild/cwicly/core/includes/classes/class-setup.php on line 894
[18-Mar-2026 01:40:13 UTC] PHP Parse error:  syntax error, unexpected token "public" in /home/gideon/.gemini/antigravity/scratch/cwicly-rebuild/cwicly/core/includes/classes/class-setup.php on line 894
[18-Mar-2026 01:40:13 UTC] PHP Parse error:  syntax error, unexpected token "public" in /home/gideon/.gemini/antigravity/scratch/cwicly-rebuild/cwicly/core/includes/classes/class-setup.php on line 894
[18-Mar-2026 01:40:15 UTC] PHP Parse error:  syntax error, unexpected token "public" in /home/gideon/.gemini/antigravity/scratch/cwicly-rebuild/cwicly/core/includes/classes/class-setup.php on line 894
[18-Mar-2026 01:40:17 UTC] PHP Parse error:  syntax error, unexpected token "public" in /home/gideon/.gemini/antigravity/scratch/cwicly-rebuild/cwicly/core/includes/classes/class-setup.php on line 894
[18-Mar-2026 01:40:17 UTC] PHP Parse error:  syntax error, unexpected token "public" in /home/gideon/.gemini/antigravity/scratch/cwicly-rebuild/cwicly/core/includes/classes/class-setup.php on line 894
[18-Mar-2026 01:40:17 UTC] PHP Parse error:  syntax error, unexpected token "public" in /home/gideon/.gemini/antigravity/scratch/cwicly-rebuild/cwicly/core/includes/classes/class-setup.php on line 894
[18-Mar-2026 01:40:19 UTC] PHP Parse error:  syntax error, unexpected token "public" in /home/gideon/.gemini/antigravity/scratch/cwicly-rebuild/cwicly/core/includes/classes/class-setup.php on line 894
[18-Mar-2026 01:40:21 UTC] PHP Parse error:  syntax error, unexpected token "public" in /home/gideon/.gemini/antigravity/scratch/cwicly-rebuild/cwicly/core/includes/classes/class-setup.php on line 894
[18-Mar-2026 01:40:21 UTC] PHP Parse error:  syntax error, unexpected token "public" in /home/gideon/.gemini/antigravity/scratch/cwicly-rebuild/cwicly/core/includes/classes/class-setup.php on line 894
[18-Mar-2026 01:40:22 UTC] PHP Parse error:  syntax error, unexpected token "public" in /home/gideon/.gemini/antigravity/scratch/cwicly-rebuild/cwicly/core/includes/classes/class-setup.php on line 894
[18-Mar-2026 01:40:22 UTC] PHP Parse error:  syntax error, unexpected token "public" in /home/gideon/.gemini/antigravity/scratch/cwicly-rebuild/cwicly/core/includes/classes/class-setup.php on line 894
[18-Mar-2026 01:40:23 UTC] PHP Parse error:  syntax error, unexpected token "public" in /home/gideon/.gemini/antigravity/scratch/cwicly-rebuild/cwicly/core/includes/classes/class-setup.php on line 894
[18-Mar-2026 01:40:23 UTC] PHP Parse error:  syntax error, unexpected token "public" in /home/gideon/.gemini/antigravity/scratch/cwicly-rebuild/cwicly/core/includes/classes/class-setup.php on line 894
[18-Mar-2026 01:40:23 UTC] PHP Parse error:  syntax error, unexpected token "public" in /home/gideon/.gemini/antigravity/scratch/cwicly-rebuild/cwicly/core/includes/classes/class-setup.php on line 894
[18-Mar-2026 01:40:25 UTC] PHP Parse error:  syntax error, unexpected token "public" in /home/gideon/.gemini/antigravity/scratch/cwicly-rebuild/cwicly/core/includes/classes/class-setup.php on line 894
[18-Mar-2026 01:40:27 UTC] PHP Parse error:  syntax error, unexpected token "public" in /home/gideon/.gemini/antigravity/scratch/cwicly-rebuild/cwicly/core/includes/classes/class-setup.php on line 894
[18-Mar-2026 01:40:27 UTC] PHP Parse error:  syntax error, unexpected token "public" in /home/gideon/.gemini/antigravity/scratch/cwicly-rebuild/cwicly/core/includes/classes/class-setup.php on line 894
[18-Mar-2026 01:40:27 UTC] PHP Parse error:  syntax error, unexpected token "public" in /home/gideon/.gemini/antigravity/scratch/cwicly-rebuild/cwicly/core/includes/classes/class-setup.php on line 894
[18-Mar-2026 01:40:29 UTC] PHP Parse error:  syntax error, unexpected token "public" in /home/gideon/.gemini/antigravity/scratch/cwicly-rebuild/cwicly/core/includes/classes/class-setup.php on line 894
[18-Mar-2026 01:40:31 UTC] PHP Parse error:  syntax error, unexpected token "public" in /home/gideon/.gemini/antigravity/scratch/cwicly-rebuild/cwicly/core/includes/classes/class-setup.php on line 894
[18-Mar-2026 01:40:31 UTC] PHP Parse error:  syntax error, unexpected token "public" in /home/gideon/.gemini/antigravity/scratch/cwicly-rebuild/cwicly/core/includes/classes/class-setup.php on line 894
[18-Mar-2026 01:40:31 UTC] PHP Parse error:  syntax error, unexpected token "public" in /home/gideon/.gemini/antigravity/scratch/cwicly-rebuild/cwicly/core/includes/classes/class-setup.php on line 894
[18-Mar-2026 01:40:32 UTC] PHP Parse error:  syntax error, unexpected token "public" in /home/gideon/.gemini/antigravity/scratch/cwicly-rebuild/cwicly/core/includes/classes/class-setup.php on line 894
[18-Mar-2026 01:40:32 UTC] PHP Parse error:  syntax error, unexpected token "public" in /home/gideon/.gemini/antigravity/scratch/cwicly-rebuild/cwicly/core/includes/classes/class-setup.php on line 894
[18-Mar-2026 01:40:33 UTC] PHP Parse error:  syntax error, unexpected token "public" in /home/gideon/.gemini/antigravity/scratch/cwicly-rebuild/cwicly/core/includes/classes/class-setup.php on line 894
[18-Mar-2026 01:40:33 UTC] PHP Parse error:  syntax error, unexpected token "public" in /home/gideon/.gemini/antigravity/scratch/cwicly-rebuild/cwicly/core/includes/classes/class-setup.php on line 894
[18-Mar-2026 01:40:33 UTC] PHP Parse error:  syntax error, unexpected token "public" in /home/gideon/.gemini/antigravity/scratch/cwicly-rebuild/cwicly/core/includes/classes/class-setup.php on line 894
[18-Mar-2026 01:40:35 UTC] PHP Parse error:  syntax error, unexpected token "public" in /home/gideon/.gemini/antigravity/scratch/cwicly-rebuild/cwicly/core/includes/classes/class-setup.php on line 894
[18-Mar-2026 01:40:37 UTC] PHP Parse error:  syntax error, unexpected token "public" in /home/gideon/.gemini/antigravity/scratch/cwicly-rebuild/cwicly/core/includes/classes/class-setup.php on line 894
[18-Mar-2026 01:40:37 UTC] PHP Parse error:  syntax error, unexpected token "public" in /home/gideon/.gemini/antigravity/scratch/cwicly-rebuild/cwicly/core/includes/classes/class-setup.php on line 894
[18-Mar-2026 01:40:37 UTC] PHP Parse error:  syntax error, unexpected token "public" in /home/gideon/.gemini/antigravity/scratch/cwicly-rebuild/cwicly/core/includes/classes/class-setup.php on line 894
[18-Mar-2026 01:40:39 UTC] PHP Parse error:  syntax error, unexpected token "public" in /home/gideon/.gemini/antigravity/scratch/cwicly-rebuild/cwicly/core/includes/classes/class-setup.php on line 894
[18-Mar-2026 01:40:41 UTC] PHP Parse error:  syntax error, unexpected token "public" in /home/gideon/.gemini/antigravity/scratch/cwicly-rebuild/cwicly/core/includes/classes/class-setup.php on line 894
[18-Mar-2026 01:40:41 UTC] PHP Parse error:  syntax error, unexpected token "public" in /home/gideon/.gemini/antigravity/scratch/cwicly-rebuild/cwicly/core/includes/classes/class-setup.php on line 894
[18-Mar-2026 01:40:41 UTC] PHP Parse error:  syntax error, unexpected token "public" in /home/gideon/.gemini/antigravity/scratch/cwicly-rebuild/cwicly/core/includes/classes/class-setup.php on line 894
[18-Mar-2026 01:40:42 UTC] PHP Parse error:  syntax error, unexpected token "public" in /home/gideon/.gemini/antigravity/scratch/cwicly-rebuild/cwicly/core/includes/classes/class-setup.php on line 894
[18-Mar-2026 01:40:42 UTC] PHP Parse error:  syntax error, unexpected token "public" in /home/gideon/.gemini/antigravity/scratch/cwicly-rebuild/cwicly/core/includes/classes/class-setup.php on line 894
[18-Mar-2026 01:40:43 UTC] PHP Parse error:  syntax error, unexpected token "public" in /home/gideon/.gemini/antigravity/scratch/cwicly-rebuild/cwicly/core/includes/classes/class-setup.php on line 894
[18-Mar-2026 01:40:43 UTC] PHP Parse error:  syntax error, unexpected token "public" in /home/gideon/.gemini/antigravity/scratch/cwicly-rebuild/cwicly/core/includes/classes/class-setup.php on line 894
[18-Mar-2026 01:40:43 UTC] PHP Parse error:  syntax error, unexpected token "public" in /home/gideon/.gemini/antigravity/scratch/cwicly-rebuild/cwicly/core/includes/classes/class-setup.php on line 894
[18-Mar-2026 01:40:45 UTC] PHP Parse error:  syntax error, unexpected token "public" in /home/gideon/.gemini/antigravity/scratch/cwicly-rebuild/cwicly/core/includes/classes/class-setup.php on line 894
[18-Mar-2026 01:40:47 UTC] PHP Parse error:  syntax error, unexpected token "public" in /home/gideon/.gemini/antigravity/scratch/cwicly-rebuild/cwicly/core/includes/classes/class-setup.php on line 894
[18-Mar-2026 01:40:47 UTC] PHP Parse error:  syntax error, unexpected token "public" in /home/gideon/.gemini/antigravity/scratch/cwicly-rebuild/cwicly/core/includes/classes/class-setup.php on line 894
[18-Mar-2026 01:40:47 UTC] PHP Parse error:  syntax error, unexpected token "public" in /home/gideon/.gemini/antigravity/scratch/cwicly-rebuild/cwicly/core/includes/classes/class-setup.php on line 894
[18-Mar-2026 01:40:49 UTC] PHP Parse error:  syntax error, unexpected token "public" in /home/gideon/.gemini/antigravity/scratch/cwicly-rebuild/cwicly/core/includes/classes/class-setup.php on line 894
[18-Mar-2026 01:40:51 UTC] PHP Parse error:  syntax error, unexpected token "public" in /home/gideon/.gemini/antigravity/scratch/cwicly-rebuild/cwicly/core/includes/classes/class-setup.php on line 894
[18-Mar-2026 01:40:51 UTC] PHP Parse error:  syntax error, unexpected token "public" in /home/gideon/.gemini/antigravity/scratch/cwicly-rebuild/cwicly/core/includes/classes/class-setup.php on line 894
[18-Mar-2026 01:40:52 UTC] PHP Parse error:  syntax error, unexpected token "public" in /home/gideon/.gemini/antigravity/scratch/cwicly-rebuild/cwicly/core/includes/classes/class-setup.php on line 894
[18-Mar-2026 01:40:52 UTC] PHP Parse error:  syntax error, unexpected token "public" in /home/gideon/.gemini/antigravity/scratch/cwicly-rebuild/cwicly/core/includes/classes/class-setup.php on line 894
[18-Mar-2026 01:40:53 UTC] PHP Parse error:  syntax error, unexpected token "public" in /home/gideon/.gemini/antigravity/scratch/cwicly-rebuild/cwicly/core/includes/classes/class-setup.php on line 894
[18-Mar-2026 01:40:53 UTC] PHP Parse error:  syntax error, unexpected token "public" in /home/gideon/.gemini/antigravity/scratch/cwicly-rebuild/cwicly/core/includes/classes/class-setup.php on line 894
[18-Mar-2026 01:40:53 UTC] PHP Parse error:  syntax error, unexpected token "public" in /home/gideon/.gemini/antigravity/scratch/cwicly-rebuild/cwicly/core/includes/classes/class-setup.php on line 894
[18-Mar-2026 01:40:55 UTC] PHP Parse error:  syntax error, unexpected token "public" in /home/gideon/.gemini/antigravity/scratch/cwicly-rebuild/cwicly/core/includes/classes/class-setup.php on line 894
[18-Mar-2026 01:40:57 UTC] PHP Parse error:  syntax error, unexpected token "public" in /home/gideon/.gemini/antigravity/scratch/cwicly-rebuild/cwicly/core/includes/classes/class-setup.php on line 894
[18-Mar-2026 01:40:57 UTC] PHP Parse error:  syntax error, unexpected token "public" in /home/gideon/.gemini/antigravity/scratch/cwicly-rebuild/cwicly/core/includes/classes/class-setup.php on line 894
[18-Mar-2026 01:40:57 UTC] PHP Parse error:  syntax error, unexpected token "public" in /home/gideon/.gemini/antigravity/scratch/cwicly-rebuild/cwicly/core/includes/classes/class-setup.php on line 894
[18-Mar-2026 01:40:59 UTC] PHP Parse error:  syntax error, unexpected token "public" in /home/gideon/.gemini/antigravity/scratch/cwicly-rebuild/cwicly/core/includes/classes/class-setup.php on line 894
[18-Mar-2026 01:41:01 UTC] PHP Parse error:  syntax error, unexpected token "public" in /home/gideon/.gemini/antigravity/scratch/cwicly-rebuild/cwicly/core/includes/classes/class-setup.php on line 894
[18-Mar-2026 01:41:01 UTC] PHP Parse error:  syntax error, unexpected token "public" in /home/gideon/.gemini/antigravity/scratch/cwicly-rebuild/cwicly/core/includes/classes/class-setup.php on line 894
[18-Mar-2026 01:41:02 UTC] PHP Parse error:  syntax error, unexpected token "public" in /home/gideon/.gemini/antigravity/scratch/cwicly-rebuild/cwicly/core/includes/classes/class-setup.php on line 894
[18-Mar-2026 01:41:02 UTC] PHP Parse error:  syntax error, unexpected token "public" in /home/gideon/.gemini/antigravity/scratch/cwicly-rebuild/cwicly/core/includes/classes/class-setup.php on line 894
[18-Mar-2026 01:41:03 UTC] PHP Parse error:  syntax error, unexpected token "public" in /home/gideon/.gemini/antigravity/scratch/cwicly-rebuild/cwicly/core/includes/classes/class-setup.php on line 894
[18-Mar-2026 01:41:03 UTC] PHP Parse error:  syntax error, unexpected token "public" in /home/gideon/.gemini/antigravity/scratch/cwicly-rebuild/cwicly/core/includes/classes/class-setup.php on line 894
[18-Mar-2026 01:41:03 UTC] PHP Parse error:  syntax error, unexpected token "public" in /home/gideon/.gemini/antigravity/scratch/cwicly-rebuild/cwicly/core/includes/classes/class-setup.php on line 894
[18-Mar-2026 01:41:05 UTC] PHP Parse error:  syntax error, unexpected token "public" in /home/gideon/.gemini/antigravity/scratch/cwicly-rebuild/cwicly/core/includes/classes/class-setup.php on line 894
[18-Mar-2026 01:41:07 UTC] PHP Parse error:  syntax error, unexpected token "public" in /home/gideon/.gemini/antigravity/scratch/cwicly-rebuild/cwicly/core/includes/classes/class-setup.php on line 894
[18-Mar-2026 01:41:07 UTC] PHP Parse error:  syntax error, unexpected token "public" in /home/gideon/.gemini/antigravity/scratch/cwicly-rebuild/cwicly/core/includes/classes/class-setup.php on line 894
[18-Mar-2026 01:41:07 UTC] PHP Parse error:  syntax error, unexpected token "public" in /home/gideon/.gemini/antigravity/scratch/cwicly-rebuild/cwicly/core/includes/classes/class-setup.php on line 894
[18-Mar-2026 01:41:09 UTC] PHP Parse error:  syntax error, unexpected token "public" in /home/gideon/.gemini/antigravity/scratch/cwicly-rebuild/cwicly/core/includes/classes/class-setup.php on line 894
[18-Mar-2026 01:41:11 UTC] PHP Parse error:  syntax error, unexpected token "public" in /home/gideon/.gemini/antigravity/scratch/cwicly-rebuild/cwicly/core/includes/classes/class-setup.php on line 894
[18-Mar-2026 01:41:11 UTC] PHP Parse error:  syntax error, unexpected token "public" in /home/gideon/.gemini/antigravity/scratch/cwicly-rebuild/cwicly/core/includes/classes/class-setup.php on line 894
[18-Mar-2026 01:41:12 UTC] PHP Parse error:  syntax error, unexpected token "public" in /home/gideon/.gemini/antigravity/scratch/cwicly-rebuild/cwicly/core/includes/classes/class-setup.php on line 894
[18-Mar-2026 01:41:12 UTC] PHP Parse error:  syntax error, unexpected token "public" in /home/gideon/.gemini/antigravity/scratch/cwicly-rebuild/cwicly/core/includes/classes/class-setup.php on line 894
[18-Mar-2026 01:41:13 UTC] PHP Parse error:  syntax error, unexpected token "public" in /home/gideon/.gemini/antigravity/scratch/cwicly-rebuild/cwicly/core/includes/classes/class-setup.php on line 894
[18-Mar-2026 01:41:13 UTC] PHP Parse error:  syntax error, unexpected token "public" in /home/gideon/.gemini/antigravity/scratch/cwicly-rebuild/cwicly/core/includes/classes/class-setup.php on line 894
[18-Mar-2026 01:41:13 UTC] PHP Parse error:  syntax error, unexpected token "public" in /home/gideon/.gemini/antigravity/scratch/cwicly-rebuild/cwicly/core/includes/classes/class-setup.php on line 894
[18-Mar-2026 01:41:15 UTC] PHP Parse error:  syntax error, unexpected token "public" in /home/gideon/.gemini/antigravity/scratch/cwicly-rebuild/cwicly/core/includes/classes/class-setup.php on line 894
[18-Mar-2026 01:41:17 UTC] PHP Parse error:  syntax error, unexpected token "public" in /home/gideon/.gemini/antigravity/scratch/cwicly-rebuild/cwicly/core/includes/classes/class-setup.php on line 894
[18-Mar-2026 01:41:17 UTC] PHP Parse error:  syntax error, unexpected token "public" in /home/gideon/.gemini/antigravity/scratch/cwicly-rebuild/cwicly/core/includes/classes/class-setup.php on line 894
[18-Mar-2026 01:41:17 UTC] PHP Parse error:  syntax error, unexpected token "public" in /home/gideon/.gemini/antigravity/scratch/cwicly-rebuild/cwicly/core/includes/classes/class-setup.php on line 894
[18-Mar-2026 01:41:19 UTC] PHP Parse error:  syntax error, unexpected token "public" in /home/gideon/.gemini/antigravity/scratch/cwicly-rebuild/cwicly/core/includes/classes/class-setup.php on line 894
[18-Mar-2026 01:41:21 UTC] PHP Parse error:  syntax error, unexpected token "public" in /home/gideon/.gemini/antigravity/scratch/cwicly-rebuild/cwicly/core/includes/classes/class-setup.php on line 894
[18-Mar-2026 01:41:21 UTC] PHP Parse error:  syntax error, unexpected token "public" in /home/gideon/.gemini/antigravity/scratch/cwicly-rebuild/cwicly/core/includes/classes/class-setup.php on line 894
[18-Mar-2026 01:41:22 UTC] PHP Parse error:  syntax error, unexpected token "public" in /home/gideon/.gemini/antigravity/scratch/cwicly-rebuild/cwicly/core/includes/classes/class-setup.php on line 894
[18-Mar-2026 01:41:22 UTC] PHP Parse error:  syntax error, unexpected token "public" in /home/gideon/.gemini/antigravity/scratch/cwicly-rebuild/cwicly/core/includes/classes/class-setup.php on line 894
[18-Mar-2026 01:41:23 UTC] PHP Parse error:  syntax error, unexpected token "public" in /home/gideon/.gemini/antigravity/scratch/cwicly-rebuild/cwicly/core/includes/classes/class-setup.php on line 894
[18-Mar-2026 01:41:23 UTC] PHP Parse error:  syntax error, unexpected token "public" in /home/gideon/.gemini/antigravity/scratch/cwicly-rebuild/cwicly/core/includes/classes/class-setup.php on line 894
[18-Mar-2026 01:41:23 UTC] PHP Parse error:  syntax error, unexpected token "public" in /home/gideon/.gemini/antigravity/scratch/cwicly-rebuild/cwicly/core/includes/classes/class-setup.php on line 894
[18-Mar-2026 01:41:25 UTC] PHP Parse error:  syntax error, unexpected token "public" in /home/gideon/.gemini/antigravity/scratch/cwicly-rebuild/cwicly/core/includes/classes/class-setup.php on line 894
[18-Mar-2026 01:41:27 UTC] PHP Parse error:  syntax error, unexpected token "public" in /home/gideon/.gemini/antigravity/scratch/cwicly-rebuild/cwicly/core/includes/classes/class-setup.php on line 894
[18-Mar-2026 01:41:27 UTC] PHP Parse error:  syntax error, unexpected token "public" in /home/gideon/.gemini/antigravity/scratch/cwicly-rebuild/cwicly/core/includes/classes/class-setup.php on line 894
[18-Mar-2026 01:41:27 UTC] PHP Parse error:  syntax error, unexpected token "public" in /home/gideon/.gemini/antigravity/scratch/cwicly-rebuild/cwicly/core/includes/classes/class-setup.php on line 894
[18-Mar-2026 01:41:29 UTC] PHP Parse error:  syntax error, unexpected token "public" in /home/gideon/.gemini/antigravity/scratch/cwicly-rebuild/cwicly/core/includes/classes/class-setup.php on line 894
[18-Mar-2026 01:41:31 UTC] PHP Parse error:  syntax error, unexpected token "public" in /home/gideon/.gemini/antigravity/scratch/cwicly-rebuild/cwicly/core/includes/classes/class-setup.php on line 894
[18-Mar-2026 01:41:31 UTC] PHP Parse error:  syntax error, unexpected token "public" in /home/gideon/.gemini/antigravity/scratch/cwicly-rebuild/cwicly/core/includes/classes/class-setup.php on line 894
[18-Mar-2026 01:41:31 UTC] PHP Parse error:  syntax error, unexpected token "public" in /home/gideon/.gemini/antigravity/scratch/cwicly-rebuild/cwicly/core/includes/classes/class-setup.php on line 894
[18-Mar-2026 01:41:32 UTC] PHP Parse error:  syntax error, unexpected token "public" in /home/gideon/.gemini/antigravity/scratch/cwicly-rebuild/cwicly/core/includes/classes/class-setup.php on line 894
[18-Mar-2026 01:41:32 UTC] PHP Parse error:  syntax error, unexpected token "public" in /home/gideon/.gemini/antigravity/scratch/cwicly-rebuild/cwicly/core/includes/classes/class-setup.php on line 894
[18-Mar-2026 01:41:33 UTC] PHP Parse error:  syntax error, unexpected token "public" in /home/gideon/.gemini/antigravity/scratch/cwicly-rebuild/cwicly/core/includes/classes/class-setup.php on line 894
[18-Mar-2026 01:41:33 UTC] PHP Parse error:  syntax error, unexpected token "public" in /home/gideon/.gemini/antigravity/scratch/cwicly-rebuild/cwicly/core/includes/classes/class-setup.php on line 894
[18-Mar-2026 01:41:33 UTC] PHP Parse error:  syntax error, unexpected token "public" in /home/gideon/.gemini/antigravity/scratch/cwicly-rebuild/cwicly/core/includes/classes/class-setup.php on line 894
[18-Mar-2026 01:41:35 UTC] PHP Parse error:  syntax error, unexpected token "public" in /home/gideon/.gemini/antigravity/scratch/cwicly-rebuild/cwicly/core/includes/classes/class-setup.php on line 894
[18-Mar-2026 01:41:37 UTC] PHP Parse error:  syntax error, unexpected token "public" in /home/gideon/.gemini/antigravity/scratch/cwicly-rebuild/cwicly/core/includes/classes/class-setup.php on line 894
[18-Mar-2026 01:41:37 UTC] PHP Parse error:  syntax error, unexpected token "public" in /home/gideon/.gemini/antigravity/scratch/cwicly-rebuild/cwicly/core/includes/classes/class-setup.php on line 894
[18-Mar-2026 01:41:37 UTC] PHP Parse error:  syntax error, unexpected token "public" in /home/gideon/.gemini/antigravity/scratch/cwicly-rebuild/cwicly/core/includes/classes/class-setup.php on line 894
[18-Mar-2026 01:41:39 UTC] PHP Parse error:  syntax error, unexpected token "public" in /home/gideon/.gemini/antigravity/scratch/cwicly-rebuild/cwicly/core/includes/classes/class-setup.php on line 894
[18-Mar-2026 01:41:41 UTC] PHP Parse error:  syntax error, unexpected token "public" in /home/gideon/.gemini/antigravity/scratch/cwicly-rebuild/cwicly/core/includes/classes/class-setup.php on line 894
[18-Mar-2026 01:41:41 UTC] PHP Parse error:  syntax error, unexpected token "public" in /home/gideon/.gemini/antigravity/scratch/cwicly-rebuild/cwicly/core/includes/classes/class-setup.php on line 894
[18-Mar-2026 01:41:41 UTC] PHP Parse error:  syntax error, unexpected token "public" in /home/gideon/.gemini/antigravity/scratch/cwicly-rebuild/cwicly/core/includes/classes/class-setup.php on line 894
[18-Mar-2026 01:41:42 UTC] PHP Parse error:  syntax error, unexpected token "public" in /home/gideon/.gemini/antigravity/scratch/cwicly-rebuild/cwicly/core/includes/classes/class-setup.php on line 894
[18-Mar-2026 01:41:42 UTC] PHP Parse error:  syntax error, unexpected token "public" in /home/gideon/.gemini/antigravity/scratch/cwicly-rebuild/cwicly/core/includes/classes/class-setup.php on line 894
[18-Mar-2026 01:41:43 UTC] PHP Parse error:  syntax error, unexpected token "public" in /home/gideon/.gemini/antigravity/scratch/cwicly-rebuild/cwicly/core/includes/classes/class-setup.php on line 894
[18-Mar-2026 01:41:43 UTC] PHP Parse error:  syntax error, unexpected token "public" in /home/gideon/.gemini/antigravity/scratch/cwicly-rebuild/cwicly/core/includes/classes/class-setup.php on line 894
[18-Mar-2026 01:41:43 UTC] PHP Parse error:  syntax error, unexpected token "public" in /home/gideon/.gemini/antigravity/scratch/cwicly-rebuild/cwicly/core/includes/classes/class-setup.php on line 894
[18-Mar-2026 01:41:45 UTC] PHP Parse error:  syntax error, unexpected token "public" in /home/gideon/.gemini/antigravity/scratch/cwicly-rebuild/cwicly/core/includes/classes/class-setup.php on line 894
[18-Mar-2026 01:41:47 UTC] PHP Parse error:  syntax error, unexpected token "public" in /home/gideon/.gemini/antigravity/scratch/cwicly-rebuild/cwicly/core/includes/classes/class-setup.php on line 894
[18-Mar-2026 01:41:47 UTC] PHP Parse error:  syntax error, unexpected token "public" in /home/gideon/.gemini/antigravity/scratch/cwicly-rebuild/cwicly/core/includes/classes/class-setup.php on line 894
[18-Mar-2026 01:41:47 UTC] PHP Parse error:  syntax error, unexpected token "public" in /home/gideon/.gemini/antigravity/scratch/cwicly-rebuild/cwicly/core/includes/classes/class-setup.php on line 894
[18-Mar-2026 01:41:49 UTC] PHP Parse error:  syntax error, unexpected token "public" in /home/gideon/.gemini/antigravity/scratch/cwicly-rebuild/cwicly/core/includes/classes/class-setup.php on line 894
[18-Mar-2026 01:41:51 UTC] PHP Parse error:  syntax error, unexpected token "public" in /home/gideon/.gemini/antigravity/scratch/cwicly-rebuild/cwicly/core/includes/classes/class-setup.php on line 894
[18-Mar-2026 01:41:51 UTC] PHP Parse error:  syntax error, unexpected token "public" in /home/gideon/.gemini/antigravity/scratch/cwicly-rebuild/cwicly/core/includes/classes/class-setup.php on line 894
[18-Mar-2026 01:41:52 UTC] PHP Parse error:  syntax error, unexpected token "public" in /home/gideon/.gemini/antigravity/scratch/cwicly-rebuild/cwicly/core/includes/classes/class-setup.php on line 894
[18-Mar-2026 01:41:52 UTC] PHP Parse error:  syntax error, unexpected token "public" in /home/gideon/.gemini/antigravity/scratch/cwicly-rebuild/cwicly/core/includes/classes/class-setup.php on line 894
[18-Mar-2026 01:41:53 UTC] PHP Parse error:  syntax error, unexpected token "public" in /home/gideon/.gemini/antigravity/scratch/cwicly-rebuild/cwicly/core/includes/classes/class-setup.php on line 894
[18-Mar-2026 01:41:53 UTC] PHP Parse error:  syntax error, unexpected token "public" in /home/gideon/.gemini/antigravity/scratch/cwicly-rebuild/cwicly/core/includes/classes/class-setup.php on line 894
[18-Mar-2026 01:41:53 UTC] PHP Parse error:  syntax error, unexpected token "public" in /home/gideon/.gemini/antigravity/scratch/cwicly-rebuild/cwicly/core/includes/classes/class-setup.php on line 894
[18-Mar-2026 01:41:55 UTC] PHP Parse error:  syntax error, unexpected token "public" in /home/gideon/.gemini/antigravity/scratch/cwicly-rebuild/cwicly/core/includes/classes/class-setup.php on line 894
[18-Mar-2026 01:41:57 UTC] PHP Parse error:  syntax error, unexpected token "public" in /home/gideon/.gemini/antigravity/scratch/cwicly-rebuild/cwicly/core/includes/classes/class-setup.php on line 894
[18-Mar-2026 01:41:57 UTC] PHP Parse error:  syntax error, unexpected token "public" in /home/gideon/.gemini/antigravity/scratch/cwicly-rebuild/cwicly/core/includes/classes/class-setup.php on line 894
[18-Mar-2026 01:41:57 UTC] PHP Parse error:  syntax error, unexpected token "public" in /home/gideon/.gemini/antigravity/scratch/cwicly-rebuild/cwicly/core/includes/classes/class-setup.php on line 894
[18-Mar-2026 01:41:59 UTC] PHP Parse error:  syntax error, unexpected token "public" in /home/gideon/.gemini/antigravity/scratch/cwicly-rebuild/cwicly/core/includes/classes/class-setup.php on line 894
[18-Mar-2026 01:42:01 UTC] PHP Parse error:  syntax error, unexpected token "public" in /home/gideon/.gemini/antigravity/scratch/cwicly-rebuild/cwicly/core/includes/classes/class-setup.php on line 894
[18-Mar-2026 01:42:01 UTC] PHP Parse error:  syntax error, unexpected token "public" in /home/gideon/.gemini/antigravity/scratch/cwicly-rebuild/cwicly/core/includes/classes/class-setup.php on line 894
[18-Mar-2026 01:42:02 UTC] PHP Parse error:  syntax error, unexpected token "public" in /home/gideon/.gemini/antigravity/scratch/cwicly-rebuild/cwicly/core/includes/classes/class-setup.php on line 894
[18-Mar-2026 01:42:02 UTC] PHP Parse error:  syntax error, unexpected token "public" in /home/gideon/.gemini/antigravity/scratch/cwicly-rebuild/cwicly/core/includes/classes/class-setup.php on line 894
[18-Mar-2026 01:42:03 UTC] PHP Parse error:  syntax error, unexpected token "public" in /home/gideon/.gemini/antigravity/scratch/cwicly-rebuild/cwicly/core/includes/classes/class-setup.php on line 894
[18-Mar-2026 01:42:03 UTC] PHP Parse error:  syntax error, unexpected token "public" in /home/gideon/.gemini/antigravity/scratch/cwicly-rebuild/cwicly/core/includes/classes/class-setup.php on line 894
[18-Mar-2026 01:42:03 UTC] PHP Parse error:  syntax error, unexpected token "public" in /home/gideon/.gemini/antigravity/scratch/cwicly-rebuild/cwicly/core/includes/classes/class-setup.php on line 894
[18-Mar-2026 01:42:05 UTC] PHP Parse error:  syntax error, unexpected token "public" in /home/gideon/.gemini/antigravity/scratch/cwicly-rebuild/cwicly/core/includes/classes/class-setup.php on line 894
[18-Mar-2026 01:42:07 UTC] PHP Parse error:  syntax error, unexpected token "public" in /home/gideon/.gemini/antigravity/scratch/cwicly-rebuild/cwicly/core/includes/classes/class-setup.php on line 894
[18-Mar-2026 01:42:07 UTC] PHP Parse error:  syntax error, unexpected token "public" in /home/gideon/.gemini/antigravity/scratch/cwicly-rebuild/cwicly/core/includes/classes/class-setup.php on line 894
[18-Mar-2026 01:42:07 UTC] PHP Parse error:  syntax error, unexpected token "public" in /home/gideon/.gemini/antigravity/scratch/cwicly-rebuild/cwicly/core/includes/classes/class-setup.php on line 894
[18-Mar-2026 01:42:09 UTC] PHP Parse error:  syntax error, unexpected token "public" in /home/gideon/.gemini/antigravity/scratch/cwicly-rebuild/cwicly/core/includes/classes/class-setup.php on line 894
[18-Mar-2026 01:42:11 UTC] PHP Parse error:  syntax error, unexpected token "public" in /home/gideon/.gemini/antigravity/scratch/cwicly-rebuild/cwicly/core/includes/classes/class-setup.php on line 894
[18-Mar-2026 01:42:11 UTC] PHP Parse error:  syntax error, unexpected token "public" in /home/gideon/.gemini/antigravity/scratch/cwicly-rebuild/cwicly/core/includes/classes/class-setup.php on line 894
[18-Mar-2026 01:42:12 UTC] PHP Parse error:  syntax error, unexpected token "public" in /home/gideon/.gemini/antigravity/scratch/cwicly-rebuild/cwicly/core/includes/classes/class-setup.php on line 894
[18-Mar-2026 01:42:12 UTC] PHP Parse error:  syntax error, unexpected token "public" in /home/gideon/.gemini/antigravity/scratch/cwicly-rebuild/cwicly/core/includes/classes/class-setup.php on line 894
[18-Mar-2026 01:42:13 UTC] PHP Parse error:  syntax error, unexpected token "public" in /home/gideon/.gemini/antigravity/scratch/cwicly-rebuild/cwicly/core/includes/classes/class-setup.php on line 894
[18-Mar-2026 01:42:13 UTC] PHP Parse error:  syntax error, unexpected token "public" in /home/gideon/.gemini/antigravity/scratch/cwicly-rebuild/cwicly/core/includes/classes/class-setup.php on line 894
[18-Mar-2026 01:42:13 UTC] PHP Parse error:  syntax error, unexpected token "public" in /home/gideon/.gemini/antigravity/scratch/cwicly-rebuild/cwicly/core/includes/classes/class-setup.php on line 894
[18-Mar-2026 01:42:15 UTC] PHP Parse error:  syntax error, unexpected token "public" in /home/gideon/.gemini/antigravity/scratch/cwicly-rebuild/cwicly/core/includes/classes/class-setup.php on line 894
[18-Mar-2026 01:42:17 UTC] PHP Parse error:  syntax error, unexpected token "public" in /home/gideon/.gemini/antigravity/scratch/cwicly-rebuild/cwicly/core/includes/classes/class-setup.php on line 894
[18-Mar-2026 01:42:17 UTC] PHP Parse error:  syntax error, unexpected token "public" in /home/gideon/.gemini/antigravity/scratch/cwicly-rebuild/cwicly/core/includes/classes/class-setup.php on line 894
[18-Mar-2026 01:42:17 UTC] PHP Parse error:  syntax error, unexpected token "public" in /home/gideon/.gemini/antigravity/scratch/cwicly-rebuild/cwicly/core/includes/classes/class-setup.php on line 894
[18-Mar-2026 01:42:19 UTC] PHP Parse error:  syntax error, unexpected token "public" in /home/gideon/.gemini/antigravity/scratch/cwicly-rebuild/cwicly/core/includes/classes/class-setup.php on line 894
[18-Mar-2026 01:42:21 UTC] PHP Parse error:  syntax error, unexpected token "public" in /home/gideon/.gemini/antigravity/scratch/cwicly-rebuild/cwicly/core/includes/classes/class-setup.php on line 894
[18-Mar-2026 01:42:21 UTC] PHP Parse error:  syntax error, unexpected token "public" in /home/gideon/.gemini/antigravity/scratch/cwicly-rebuild/cwicly/core/includes/classes/class-setup.php on line 894
[18-Mar-2026 01:42:22 UTC] PHP Parse error:  syntax error, unexpected token "public" in /home/gideon/.gemini/antigravity/scratch/cwicly-rebuild/cwicly/core/includes/classes/class-setup.php on line 894
[18-Mar-2026 01:42:22 UTC] PHP Parse error:  syntax error, unexpected token "public" in /home/gideon/.gemini/antigravity/scratch/cwicly-rebuild/cwicly/core/includes/classes/class-setup.php on line 894
[18-Mar-2026 01:42:23 UTC] PHP Parse error:  syntax error, unexpected token "public" in /home/gideon/.gemini/antigravity/scratch/cwicly-rebuild/cwicly/core/includes/classes/class-setup.php on line 894
[18-Mar-2026 01:42:23 UTC] PHP Parse error:  syntax error, unexpected token "public" in /home/gideon/.gemini/antigravity/scratch/cwicly-rebuild/cwicly/core/includes/classes/class-setup.php on line 894
[18-Mar-2026 01:42:23 UTC] PHP Parse error:  syntax error, unexpected token "public" in /home/gideon/.gemini/antigravity/scratch/cwicly-rebuild/cwicly/core/includes/classes/class-setup.php on line 894
[18-Mar-2026 01:42:25 UTC] PHP Parse error:  syntax error, unexpected token "public" in /home/gideon/.gemini/antigravity/scratch/cwicly-rebuild/cwicly/core/includes/classes/class-setup.php on line 894
[18-Mar-2026 01:42:27 UTC] PHP Parse error:  syntax error, unexpected token "public" in /home/gideon/.gemini/antigravity/scratch/cwicly-rebuild/cwicly/core/includes/classes/class-setup.php on line 894
[18-Mar-2026 01:42:27 UTC] PHP Parse error:  syntax error, unexpected token "public" in /home/gideon/.gemini/antigravity/scratch/cwicly-rebuild/cwicly/core/includes/classes/class-setup.php on line 894
[18-Mar-2026 01:42:27 UTC] PHP Parse error:  syntax error, unexpected token "public" in /home/gideon/.gemini/antigravity/scratch/cwicly-rebuild/cwicly/core/includes/classes/class-setup.php on line 894
[18-Mar-2026 01:42:29 UTC] PHP Parse error:  syntax error, unexpected token "public" in /home/gideon/.gemini/antigravity/scratch/cwicly-rebuild/cwicly/core/includes/classes/class-setup.php on line 894
[18-Mar-2026 01:42:31 UTC] PHP Parse error:  syntax error, unexpected token "public" in /home/gideon/.gemini/antigravity/scratch/cwicly-rebuild/cwicly/core/includes/classes/class-setup.php on line 894
[18-Mar-2026 01:42:31 UTC] PHP Parse error:  syntax error, unexpected token "public" in /home/gideon/.gemini/antigravity/scratch/cwicly-rebuild/cwicly/core/includes/classes/class-setup.php on line 894
[18-Mar-2026 01:42:31 UTC] PHP Parse error:  syntax error, unexpected token "public" in /home/gideon/.gemini/antigravity/scratch/cwicly-rebuild/cwicly/core/includes/classes/class-setup.php on line 894
[18-Mar-2026 01:42:32 UTC] PHP Parse error:  syntax error, unexpected token "public" in /home/gideon/.gemini/antigravity/scratch/cwicly-rebuild/cwicly/core/includes/classes/class-setup.php on line 894
[18-Mar-2026 01:42:32 UTC] PHP Parse error:  syntax error, unexpected token "public" in /home/gideon/.gemini/antigravity/scratch/cwicly-rebuild/cwicly/core/includes/classes/class-setup.php on line 894
[18-Mar-2026 01:42:33 UTC] PHP Parse error:  syntax error, unexpected token "public" in /home/gideon/.gemini/antigravity/scratch/cwicly-rebuild/cwicly/core/includes/classes/class-setup.php on line 894
[18-Mar-2026 01:42:33 UTC] PHP Parse error:  syntax error, unexpected token "public" in /home/gideon/.gemini/antigravity/scratch/cwicly-rebuild/cwicly/core/includes/classes/class-setup.php on line 894
[18-Mar-2026 01:42:33 UTC] PHP Parse error:  syntax error, unexpected token "public" in /home/gideon/.gemini/antigravity/scratch/cwicly-rebuild/cwicly/core/includes/classes/class-setup.php on line 894
[18-Mar-2026 01:42:35 UTC] PHP Parse error:  syntax error, unexpected token "public" in /home/gideon/.gemini/antigravity/scratch/cwicly-rebuild/cwicly/core/includes/classes/class-setup.php on line 894
[18-Mar-2026 01:42:37 UTC] PHP Parse error:  syntax error, unexpected token "public" in /home/gideon/.gemini/antigravity/scratch/cwicly-rebuild/cwicly/core/includes/classes/class-setup.php on line 894
[18-Mar-2026 01:42:37 UTC] PHP Parse error:  syntax error, unexpected token "public" in /home/gideon/.gemini/antigravity/scratch/cwicly-rebuild/cwicly/core/includes/classes/class-setup.php on line 894
[18-Mar-2026 01:42:37 UTC] PHP Parse error:  syntax error, unexpected token "public" in /home/gideon/.gemini/antigravity/scratch/cwicly-rebuild/cwicly/core/includes/classes/class-setup.php on line 894
[18-Mar-2026 01:42:39 UTC] PHP Parse error:  syntax error, unexpected token "public" in /home/gideon/.gemini/antigravity/scratch/cwicly-rebuild/cwicly/core/includes/classes/class-setup.php on line 894
[18-Mar-2026 01:42:41 UTC] PHP Parse error:  syntax error, unexpected token "public" in /home/gideon/.gemini/antigravity/scratch/cwicly-rebuild/cwicly/core/includes/classes/class-setup.php on line 894
[18-Mar-2026 01:42:41 UTC] PHP Parse error:  syntax error, unexpected token "public" in /home/gideon/.gemini/antigravity/scratch/cwicly-rebuild/cwicly/core/includes/classes/class-setup.php on line 894
[18-Mar-2026 01:42:41 UTC] PHP Parse error:  syntax error, unexpected token "public" in /home/gideon/.gemini/antigravity/scratch/cwicly-rebuild/cwicly/core/includes/classes/class-setup.php on line 894
[18-Mar-2026 01:42:42 UTC] PHP Parse error:  syntax error, unexpected token "public" in /home/gideon/.gemini/antigravity/scratch/cwicly-rebuild/cwicly/core/includes/classes/class-setup.php on line 894
[18-Mar-2026 01:42:42 UTC] PHP Parse error:  syntax error, unexpected token "public" in /home/gideon/.gemini/antigravity/scratch/cwicly-rebuild/cwicly/core/includes/classes/class-setup.php on line 894
[18-Mar-2026 01:42:43 UTC] PHP Parse error:  syntax error, unexpected token "public" in /home/gideon/.gemini/antigravity/scratch/cwicly-rebuild/cwicly/core/includes/classes/class-setup.php on line 894
[18-Mar-2026 01:42:43 UTC] PHP Parse error:  syntax error, unexpected token "public" in /home/gideon/.gemini/antigravity/scratch/cwicly-rebuild/cwicly/core/includes/classes/class-setup.php on line 894
[18-Mar-2026 01:42:43 UTC] PHP Parse error:  syntax error, unexpected token "public" in /home/gideon/.gemini/antigravity/scratch/cwicly-rebuild/cwicly/core/includes/classes/class-setup.php on line 894
[18-Mar-2026 01:42:45 UTC] PHP Parse error:  syntax error, unexpected token "public" in /home/gideon/.gemini/antigravity/scratch/cwicly-rebuild/cwicly/core/includes/classes/class-setup.php on line 894
[18-Mar-2026 01:42:47 UTC] PHP Parse error:  syntax error, unexpected token "public" in /home/gideon/.gemini/antigravity/scratch/cwicly-rebuild/cwicly/core/includes/classes/class-setup.php on line 894
[18-Mar-2026 01:42:47 UTC] PHP Parse error:  syntax error, unexpected token "public" in /home/gideon/.gemini/antigravity/scratch/cwicly-rebuild/cwicly/core/includes/classes/class-setup.php on line 894
[18-Mar-2026 01:42:47 UTC] PHP Parse error:  syntax error, unexpected token "public" in /home/gideon/.gemini/antigravity/scratch/cwicly-rebuild/cwicly/core/includes/classes/class-setup.php on line 894
[18-Mar-2026 01:42:49 UTC] PHP Parse error:  syntax error, unexpected token "public" in /home/gideon/.gemini/antigravity/scratch/cwicly-rebuild/cwicly/core/includes/classes/class-setup.php on line 894
[18-Mar-2026 01:42:51 UTC] PHP Parse error:  syntax error, unexpected token "public" in /home/gideon/.gemini/antigravity/scratch/cwicly-rebuild/cwicly/core/includes/classes/class-setup.php on line 894
[18-Mar-2026 01:42:51 UTC] PHP Parse error:  syntax error, unexpected token "public" in /home/gideon/.gemini/antigravity/scratch/cwicly-rebuild/cwicly/core/includes/classes/class-setup.php on line 894
[18-Mar-2026 01:42:52 UTC] PHP Parse error:  syntax error, unexpected token "public" in /home/gideon/.gemini/antigravity/scratch/cwicly-rebuild/cwicly/core/includes/classes/class-setup.php on line 894
[18-Mar-2026 01:42:52 UTC] PHP Parse error:  syntax error, unexpected token "public" in /home/gideon/.gemini/antigravity/scratch/cwicly-rebuild/cwicly/core/includes/classes/class-setup.php on line 894
[18-Mar-2026 01:42:53 UTC] PHP Parse error:  syntax error, unexpected token "public" in /home/gideon/.gemini/antigravity/scratch/cwicly-rebuild/cwicly/core/includes/classes/class-setup.php on line 894
[18-Mar-2026 01:42:53 UTC] PHP Parse error:  syntax error, unexpected token "public" in /home/gideon/.gemini/antigravity/scratch/cwicly-rebuild/cwicly/core/includes/classes/class-setup.php on line 894
[18-Mar-2026 01:42:53 UTC] PHP Parse error:  syntax error, unexpected token "public" in /home/gideon/.gemini/antigravity/scratch/cwicly-rebuild/cwicly/core/includes/classes/class-setup.php on line 894
[18-Mar-2026 01:42:55 UTC] PHP Parse error:  syntax error, unexpected token "public" in /home/gideon/.gemini/antigravity/scratch/cwicly-rebuild/cwicly/core/includes/classes/class-setup.php on line 894
[18-Mar-2026 01:42:57 UTC] PHP Parse error:  syntax error, unexpected token "public" in /home/gideon/.gemini/antigravity/scratch/cwicly-rebuild/cwicly/core/includes/classes/class-setup.php on line 894
[18-Mar-2026 01:42:57 UTC] PHP Parse error:  syntax error, unexpected token "public" in /home/gideon/.gemini/antigravity/scratch/cwicly-rebuild/cwicly/core/includes/classes/class-setup.php on line 894
[18-Mar-2026 01:42:57 UTC] PHP Parse error:  syntax error, unexpected token "public" in /home/gideon/.gemini/antigravity/scratch/cwicly-rebuild/cwicly/core/includes/classes/class-setup.php on line 894
[18-Mar-2026 01:42:59 UTC] PHP Parse error:  syntax error, unexpected token "public" in /home/gideon/.gemini/antigravity/scratch/cwicly-rebuild/cwicly/core/includes/classes/class-setup.php on line 894
[18-Mar-2026 01:43:01 UTC] PHP Parse error:  syntax error, unexpected token "public" in /home/gideon/.gemini/antigravity/scratch/cwicly-rebuild/cwicly/core/includes/classes/class-setup.php on line 894
[18-Mar-2026 01:43:01 UTC] PHP Parse error:  syntax error, unexpected token "public" in /home/gideon/.gemini/antigravity/scratch/cwicly-rebuild/cwicly/core/includes/classes/class-setup.php on line 894
[18-Mar-2026 01:43:02 UTC] PHP Parse error:  syntax error, unexpected token "public" in /home/gideon/.gemini/antigravity/scratch/cwicly-rebuild/cwicly/core/includes/classes/class-setup.php on line 894
[18-Mar-2026 01:43:02 UTC] PHP Parse error:  syntax error, unexpected token "public" in /home/gideon/.gemini/antigravity/scratch/cwicly-rebuild/cwicly/core/includes/classes/class-setup.php on line 894
[18-Mar-2026 01:43:03 UTC] PHP Parse error:  syntax error, unexpected token "public" in /home/gideon/.gemini/antigravity/scratch/cwicly-rebuild/cwicly/core/includes/classes/class-setup.php on line 894
[18-Mar-2026 01:43:03 UTC] PHP Parse error:  syntax error, unexpected token "public" in /home/gideon/.gemini/antigravity/scratch/cwicly-rebuild/cwicly/core/includes/classes/class-setup.php on line 894
[18-Mar-2026 01:43:03 UTC] PHP Parse error:  syntax error, unexpected token "public" in /home/gideon/.gemini/antigravity/scratch/cwicly-rebuild/cwicly/core/includes/classes/class-setup.php on line 894
[18-Mar-2026 01:43:05 UTC] PHP Parse error:  syntax error, unexpected token "public" in /home/gideon/.gemini/antigravity/scratch/cwicly-rebuild/cwicly/core/includes/classes/class-setup.php on line 894
[18-Mar-2026 01:43:07 UTC] PHP Parse error:  syntax error, unexpected token "public" in /home/gideon/.gemini/antigravity/scratch/cwicly-rebuild/cwicly/core/includes/classes/class-setup.php on line 894
[18-Mar-2026 01:43:07 UTC] PHP Parse error:  syntax error, unexpected token "public" in /home/gideon/.gemini/antigravity/scratch/cwicly-rebuild/cwicly/core/includes/classes/class-setup.php on line 894
[18-Mar-2026 01:43:07 UTC] PHP Parse error:  syntax error, unexpected token "public" in /home/gideon/.gemini/antigravity/scratch/cwicly-rebuild/cwicly/core/includes/classes/class-setup.php on line 894
[18-Mar-2026 01:43:09 UTC] PHP Parse error:  syntax error, unexpected token "public" in /home/gideon/.gemini/antigravity/scratch/cwicly-rebuild/cwicly/core/includes/classes/class-setup.php on line 894
[18-Mar-2026 01:43:11 UTC] PHP Parse error:  syntax error, unexpected token "public" in /home/gideon/.gemini/antigravity/scratch/cwicly-rebuild/cwicly/core/includes/classes/class-setup.php on line 894
[18-Mar-2026 01:43:11 UTC] PHP Parse error:  syntax error, unexpected token "public" in /home/gideon/.gemini/antigravity/scratch/cwicly-rebuild/cwicly/core/includes/classes/class-setup.php on line 894
[18-Mar-2026 01:43:12 UTC] PHP Parse error:  syntax error, unexpected token "public" in /home/gideon/.gemini/antigravity/scratch/cwicly-rebuild/cwicly/core/includes/classes/class-setup.php on line 894
[18-Mar-2026 01:43:12 UTC] PHP Parse error:  syntax error, unexpected token "public" in /home/gideon/.gemini/antigravity/scratch/cwicly-rebuild/cwicly/core/includes/classes/class-setup.php on line 894
[18-Mar-2026 01:43:13 UTC] PHP Parse error:  syntax error, unexpected token "public" in /home/gideon/.gemini/antigravity/scratch/cwicly-rebuild/cwicly/core/includes/classes/class-setup.php on line 894
[18-Mar-2026 01:43:13 UTC] PHP Parse error:  syntax error, unexpected token "public" in /home/gideon/.gemini/antigravity/scratch/cwicly-rebuild/cwicly/core/includes/classes/class-setup.php on line 894
[18-Mar-2026 01:43:13 UTC] PHP Parse error:  syntax error, unexpected token "public" in /home/gideon/.gemini/antigravity/scratch/cwicly-rebuild/cwicly/core/includes/classes/class-setup.php on line 894
[18-Mar-2026 01:43:15 UTC] PHP Parse error:  syntax error, unexpected token "public" in /home/gideon/.gemini/antigravity/scratch/cwicly-rebuild/cwicly/core/includes/classes/class-setup.php on line 894
[18-Mar-2026 01:43:17 UTC] PHP Parse error:  syntax error, unexpected token "public" in /home/gideon/.gemini/antigravity/scratch/cwicly-rebuild/cwicly/core/includes/classes/class-setup.php on line 894
[18-Mar-2026 01:43:17 UTC] PHP Parse error:  syntax error, unexpected token "public" in /home/gideon/.gemini/antigravity/scratch/cwicly-rebuild/cwicly/core/includes/classes/class-setup.php on line 894
[18-Mar-2026 01:43:17 UTC] PHP Parse error:  syntax error, unexpected token "public" in /home/gideon/.gemini/antigravity/scratch/cwicly-rebuild/cwicly/core/includes/classes/class-setup.php on line 894
[18-Mar-2026 01:43:19 UTC] PHP Parse error:  syntax error, unexpected token "public" in /home/gideon/.gemini/antigravity/scratch/cwicly-rebuild/cwicly/core/includes/classes/class-setup.php on line 894
[18-Mar-2026 01:43:21 UTC] PHP Parse error:  syntax error, unexpected token "public" in /home/gideon/.gemini/antigravity/scratch/cwicly-rebuild/cwicly/core/includes/classes/class-setup.php on line 894
[18-Mar-2026 01:43:21 UTC] PHP Parse error:  syntax error, unexpected token "public" in /home/gideon/.gemini/antigravity/scratch/cwicly-rebuild/cwicly/core/includes/classes/class-setup.php on line 894
[18-Mar-2026 01:43:22 UTC] PHP Parse error:  syntax error, unexpected token "public" in /home/gideon/.gemini/antigravity/scratch/cwicly-rebuild/cwicly/core/includes/classes/class-setup.php on line 894
[18-Mar-2026 01:43:22 UTC] PHP Parse error:  syntax error, unexpected token "public" in /home/gideon/.gemini/antigravity/scratch/cwicly-rebuild/cwicly/core/includes/classes/class-setup.php on line 894
[18-Mar-2026 01:43:23 UTC] PHP Parse error:  syntax error, unexpected token "public" in /home/gideon/.gemini/antigravity/scratch/cwicly-rebuild/cwicly/core/includes/classes/class-setup.php on line 894
[18-Mar-2026 01:43:23 UTC] PHP Parse error:  syntax error, unexpected token "public" in /home/gideon/.gemini/antigravity/scratch/cwicly-rebuild/cwicly/core/includes/classes/class-setup.php on line 894
[18-Mar-2026 01:43:23 UTC] PHP Parse error:  syntax error, unexpected token "public" in /home/gideon/.gemini/antigravity/scratch/cwicly-rebuild/cwicly/core/includes/classes/class-setup.php on line 894
[18-Mar-2026 01:43:25 UTC] PHP Parse error:  syntax error, unexpected token "public" in /home/gideon/.gemini/antigravity/scratch/cwicly-rebuild/cwicly/core/includes/classes/class-setup.php on line 894
[18-Mar-2026 01:43:27 UTC] PHP Parse error:  syntax error, unexpected token "public" in /home/gideon/.gemini/antigravity/scratch/cwicly-rebuild/cwicly/core/includes/classes/class-setup.php on line 894
[18-Mar-2026 01:43:27 UTC] PHP Parse error:  syntax error, unexpected token "public" in /home/gideon/.gemini/antigravity/scratch/cwicly-rebuild/cwicly/core/includes/classes/class-setup.php on line 894
[18-Mar-2026 01:43:27 UTC] PHP Parse error:  syntax error, unexpected token "public" in /home/gideon/.gemini/antigravity/scratch/cwicly-rebuild/cwicly/core/includes/classes/class-setup.php on line 894
[18-Mar-2026 01:43:29 UTC] PHP Parse error:  syntax error, unexpected token "public" in /home/gideon/.gemini/antigravity/scratch/cwicly-rebuild/cwicly/core/includes/classes/class-setup.php on line 894
[18-Mar-2026 01:43:31 UTC] PHP Parse error:  syntax error, unexpected token "public" in /home/gideon/.gemini/antigravity/scratch/cwicly-rebuild/cwicly/core/includes/classes/class-setup.php on line 894
[18-Mar-2026 01:43:31 UTC] PHP Parse error:  syntax error, unexpected token "public" in /home/gideon/.gemini/antigravity/scratch/cwicly-rebuild/cwicly/core/includes/classes/class-setup.php on line 894
[18-Mar-2026 01:43:31 UTC] PHP Parse error:  syntax error, unexpected token "public" in /home/gideon/.gemini/antigravity/scratch/cwicly-rebuild/cwicly/core/includes/classes/class-setup.php on line 894
[18-Mar-2026 01:43:32 UTC] PHP Parse error:  syntax error, unexpected token "public" in /home/gideon/.gemini/antigravity/scratch/cwicly-rebuild/cwicly/core/includes/classes/class-setup.php on line 894
[18-Mar-2026 01:43:32 UTC] PHP Parse error:  syntax error, unexpected token "public" in /home/gideon/.gemini/antigravity/scratch/cwicly-rebuild/cwicly/core/includes/classes/class-setup.php on line 894
[18-Mar-2026 01:43:33 UTC] PHP Parse error:  syntax error, unexpected token "public" in /home/gideon/.gemini/antigravity/scratch/cwicly-rebuild/cwicly/core/includes/classes/class-setup.php on line 894
[18-Mar-2026 01:43:33 UTC] PHP Parse error:  syntax error, unexpected token "public" in /home/gideon/.gemini/antigravity/scratch/cwicly-rebuild/cwicly/core/includes/classes/class-setup.php on line 894
[18-Mar-2026 01:43:33 UTC] PHP Parse error:  syntax error, unexpected token "public" in /home/gideon/.gemini/antigravity/scratch/cwicly-rebuild/cwicly/core/includes/classes/class-setup.php on line 894
[18-Mar-2026 01:43:35 UTC] PHP Parse error:  syntax error, unexpected token "public" in /home/gideon/.gemini/antigravity/scratch/cwicly-rebuild/cwicly/core/includes/classes/class-setup.php on line 894
[18-Mar-2026 01:43:37 UTC] PHP Parse error:  syntax error, unexpected token "public" in /home/gideon/.gemini/antigravity/scratch/cwicly-rebuild/cwicly/core/includes/classes/class-setup.php on line 894
[18-Mar-2026 01:43:37 UTC] PHP Parse error:  syntax error, unexpected token "public" in /home/gideon/.gemini/antigravity/scratch/cwicly-rebuild/cwicly/core/includes/classes/class-setup.php on line 894
[18-Mar-2026 01:43:37 UTC] PHP Parse error:  syntax error, unexpected token "public" in /home/gideon/.gemini/antigravity/scratch/cwicly-rebuild/cwicly/core/includes/classes/class-setup.php on line 894
[18-Mar-2026 01:43:39 UTC] PHP Parse error:  syntax error, unexpected token "public" in /home/gideon/.gemini/antigravity/scratch/cwicly-rebuild/cwicly/core/includes/classes/class-setup.php on line 894
[18-Mar-2026 01:43:41 UTC] PHP Parse error:  syntax error, unexpected token "public" in /home/gideon/.gemini/antigravity/scratch/cwicly-rebuild/cwicly/core/includes/classes/class-setup.php on line 894
[18-Mar-2026 01:43:41 UTC] PHP Parse error:  syntax error, unexpected token "public" in /home/gideon/.gemini/antigravity/scratch/cwicly-rebuild/cwicly/core/includes/classes/class-setup.php on line 894
[18-Mar-2026 01:43:41 UTC] PHP Parse error:  syntax error, unexpected token "public" in /home/gideon/.gemini/antigravity/scratch/cwicly-rebuild/cwicly/core/includes/classes/class-setup.php on line 894
[18-Mar-2026 01:43:42 UTC] PHP Parse error:  syntax error, unexpected token "public" in /home/gideon/.gemini/antigravity/scratch/cwicly-rebuild/cwicly/core/includes/classes/class-setup.php on line 894
[18-Mar-2026 01:43:42 UTC] PHP Parse error:  syntax error, unexpected token "public" in /home/gideon/.gemini/antigravity/scratch/cwicly-rebuild/cwicly/core/includes/classes/class-setup.php on line 894
[18-Mar-2026 01:43:43 UTC] PHP Parse error:  syntax error, unexpected token "public" in /home/gideon/.gemini/antigravity/scratch/cwicly-rebuild/cwicly/core/includes/classes/class-setup.php on line 894
[18-Mar-2026 01:43:43 UTC] PHP Parse error:  syntax error, unexpected token "public" in /home/gideon/.gemini/antigravity/scratch/cwicly-rebuild/cwicly/core/includes/classes/class-setup.php on line 894
[18-Mar-2026 01:43:43 UTC] PHP Parse error:  syntax error, unexpected token "public" in /home/gideon/.gemini/antigravity/scratch/cwicly-rebuild/cwicly/core/includes/classes/class-setup.php on line 894
[18-Mar-2026 01:43:45 UTC] PHP Parse error:  syntax error, unexpected token "public" in /home/gideon/.gemini/antigravity/scratch/cwicly-rebuild/cwicly/core/includes/classes/class-setup.php on line 894
[18-Mar-2026 01:43:47 UTC] PHP Parse error:  syntax error, unexpected token "public" in /home/gideon/.gemini/antigravity/scratch/cwicly-rebuild/cwicly/core/includes/classes/class-setup.php on line 894
[18-Mar-2026 01:43:47 UTC] PHP Parse error:  syntax error, unexpected token "public" in /home/gideon/.gemini/antigravity/scratch/cwicly-rebuild/cwicly/core/includes/classes/class-setup.php on line 894
[18-Mar-2026 01:43:47 UTC] PHP Parse error:  syntax error, unexpected token "public" in /home/gideon/.gemini/antigravity/scratch/cwicly-rebuild/cwicly/core/includes/classes/class-setup.php on line 894
[18-Mar-2026 01:43:49 UTC] PHP Parse error:  syntax error, unexpected token "public" in /home/gideon/.gemini/antigravity/scratch/cwicly-rebuild/cwicly/core/includes/classes/class-setup.php on line 894
[18-Mar-2026 01:43:51 UTC] PHP Parse error:  syntax error, unexpected token "public" in /home/gideon/.gemini/antigravity/scratch/cwicly-rebuild/cwicly/core/includes/classes/class-setup.php on line 894
[18-Mar-2026 01:43:51 UTC] PHP Parse error:  syntax error, unexpected token "public" in /home/gideon/.gemini/antigravity/scratch/cwicly-rebuild/cwicly/core/includes/classes/class-setup.php on line 894
[18-Mar-2026 01:43:52 UTC] PHP Parse error:  syntax error, unexpected token "public" in /home/gideon/.gemini/antigravity/scratch/cwicly-rebuild/cwicly/core/includes/classes/class-setup.php on line 894
[18-Mar-2026 01:43:52 UTC] PHP Parse error:  syntax error, unexpected token "public" in /home/gideon/.gemini/antigravity/scratch/cwicly-rebuild/cwicly/core/includes/classes/class-setup.php on line 894
[18-Mar-2026 01:43:53 UTC] PHP Parse error:  syntax error, unexpected token "public" in /home/gideon/.gemini/antigravity/scratch/cwicly-rebuild/cwicly/core/includes/classes/class-setup.php on line 894
[18-Mar-2026 01:43:53 UTC] PHP Parse error:  syntax error, unexpected token "public" in /home/gideon/.gemini/antigravity/scratch/cwicly-rebuild/cwicly/core/includes/classes/class-setup.php on line 894
[18-Mar-2026 01:43:53 UTC] PHP Parse error:  syntax error, unexpected token "public" in /home/gideon/.gemini/antigravity/scratch/cwicly-rebuild/cwicly/core/includes/classes/class-setup.php on line 894
[18-Mar-2026 01:43:55 UTC] PHP Parse error:  syntax error, unexpected token "public" in /home/gideon/.gemini/antigravity/scratch/cwicly-rebuild/cwicly/core/includes/classes/class-setup.php on line 894
[18-Mar-2026 01:43:57 UTC] PHP Parse error:  syntax error, unexpected token "public" in /home/gideon/.gemini/antigravity/scratch/cwicly-rebuild/cwicly/core/includes/classes/class-setup.php on line 894
[18-Mar-2026 01:43:57 UTC] PHP Parse error:  syntax error, unexpected token "public" in /home/gideon/.gemini/antigravity/scratch/cwicly-rebuild/cwicly/core/includes/classes/class-setup.php on line 894
[18-Mar-2026 01:43:57 UTC] PHP Parse error:  syntax error, unexpected token "public" in /home/gideon/.gemini/antigravity/scratch/cwicly-rebuild/cwicly/core/includes/classes/class-setup.php on line 894
[18-Mar-2026 01:43:59 UTC] PHP Parse error:  syntax error, unexpected token "public" in /home/gideon/.gemini/antigravity/scratch/cwicly-rebuild/cwicly/core/includes/classes/class-setup.php on line 894
[18-Mar-2026 01:44:01 UTC] PHP Parse error:  syntax error, unexpected token "public" in /home/gideon/.gemini/antigravity/scratch/cwicly-rebuild/cwicly/core/includes/classes/class-setup.php on line 894
[18-Mar-2026 01:44:01 UTC] PHP Parse error:  syntax error, unexpected token "public" in /home/gideon/.gemini/antigravity/scratch/cwicly-rebuild/cwicly/core/includes/classes/class-setup.php on line 894
[18-Mar-2026 01:44:02 UTC] PHP Parse error:  syntax error, unexpected token "public" in /home/gideon/.gemini/antigravity/scratch/cwicly-rebuild/cwicly/core/includes/classes/class-setup.php on line 894
[18-Mar-2026 01:44:02 UTC] PHP Parse error:  syntax error, unexpected token "public" in /home/gideon/.gemini/antigravity/scratch/cwicly-rebuild/cwicly/core/includes/classes/class-setup.php on line 894
[18-Mar-2026 01:44:03 UTC] PHP Parse error:  syntax error, unexpected token "public" in /home/gideon/.gemini/antigravity/scratch/cwicly-rebuild/cwicly/core/includes/classes/class-setup.php on line 894
[18-Mar-2026 01:44:03 UTC] PHP Parse error:  syntax error, unexpected token "public" in /home/gideon/.gemini/antigravity/scratch/cwicly-rebuild/cwicly/core/includes/classes/class-setup.php on line 894
[18-Mar-2026 01:44:03 UTC] PHP Parse error:  syntax error, unexpected token "public" in /home/gideon/.gemini/antigravity/scratch/cwicly-rebuild/cwicly/core/includes/classes/class-setup.php on line 894
[18-Mar-2026 01:44:05 UTC] PHP Parse error:  syntax error, unexpected token "public" in /home/gideon/.gemini/antigravity/scratch/cwicly-rebuild/cwicly/core/includes/classes/class-setup.php on line 894
[18-Mar-2026 01:44:07 UTC] PHP Parse error:  syntax error, unexpected token "public" in /home/gideon/.gemini/antigravity/scratch/cwicly-rebuild/cwicly/core/includes/classes/class-setup.php on line 894
[18-Mar-2026 01:44:07 UTC] PHP Parse error:  syntax error, unexpected token "public" in /home/gideon/.gemini/antigravity/scratch/cwicly-rebuild/cwicly/core/includes/classes/class-setup.php on line 894
[18-Mar-2026 01:44:07 UTC] PHP Parse error:  syntax error, unexpected token "public" in /home/gideon/.gemini/antigravity/scratch/cwicly-rebuild/cwicly/core/includes/classes/class-setup.php on line 894
[18-Mar-2026 01:44:09 UTC] PHP Parse error:  syntax error, unexpected token "public" in /home/gideon/.gemini/antigravity/scratch/cwicly-rebuild/cwicly/core/includes/classes/class-setup.php on line 894
[18-Mar-2026 01:44:11 UTC] PHP Parse error:  syntax error, unexpected token "public" in /home/gideon/.gemini/antigravity/scratch/cwicly-rebuild/cwicly/core/includes/classes/class-setup.php on line 894
[18-Mar-2026 01:44:11 UTC] PHP Parse error:  syntax error, unexpected token "public" in /home/gideon/.gemini/antigravity/scratch/cwicly-rebuild/cwicly/core/includes/classes/class-setup.php on line 894
[18-Mar-2026 01:44:12 UTC] PHP Parse error:  syntax error, unexpected token "public" in /home/gideon/.gemini/antigravity/scratch/cwicly-rebuild/cwicly/core/includes/classes/class-setup.php on line 894
[18-Mar-2026 01:44:12 UTC] PHP Parse error:  syntax error, unexpected token "public" in /home/gideon/.gemini/antigravity/scratch/cwicly-rebuild/cwicly/core/includes/classes/class-setup.php on line 894
[18-Mar-2026 01:44:13 UTC] PHP Parse error:  syntax error, unexpected token "public" in /home/gideon/.gemini/antigravity/scratch/cwicly-rebuild/cwicly/core/includes/classes/class-setup.php on line 894
[18-Mar-2026 01:44:13 UTC] PHP Parse error:  syntax error, unexpected token "public" in /home/gideon/.gemini/antigravity/scratch/cwicly-rebuild/cwicly/core/includes/classes/class-setup.php on line 894
[18-Mar-2026 01:44:13 UTC] PHP Parse error:  syntax error, unexpected token "public" in /home/gideon/.gemini/antigravity/scratch/cwicly-rebuild/cwicly/core/includes/classes/class-setup.php on line 894
[18-Mar-2026 01:44:15 UTC] PHP Parse error:  syntax error, unexpected token "public" in /home/gideon/.gemini/antigravity/scratch/cwicly-rebuild/cwicly/core/includes/classes/class-setup.php on line 894
[18-Mar-2026 01:44:17 UTC] PHP Parse error:  syntax error, unexpected token "public" in /home/gideon/.gemini/antigravity/scratch/cwicly-rebuild/cwicly/core/includes/classes/class-setup.php on line 894
[18-Mar-2026 01:44:17 UTC] PHP Parse error:  syntax error, unexpected token "public" in /home/gideon/.gemini/antigravity/scratch/cwicly-rebuild/cwicly/core/includes/classes/class-setup.php on line 894
[18-Mar-2026 01:44:17 UTC] PHP Parse error:  syntax error, unexpected token "public" in /home/gideon/.gemini/antigravity/scratch/cwicly-rebuild/cwicly/core/includes/classes/class-setup.php on line 894
[18-Mar-2026 01:44:19 UTC] PHP Parse error:  syntax error, unexpected token "public" in /home/gideon/.gemini/antigravity/scratch/cwicly-rebuild/cwicly/core/includes/classes/class-setup.php on line 894
[18-Mar-2026 01:44:21 UTC] PHP Parse error:  syntax error, unexpected token "public" in /home/gideon/.gemini/antigravity/scratch/cwicly-rebuild/cwicly/core/includes/classes/class-setup.php on line 894
[18-Mar-2026 01:44:21 UTC] PHP Parse error:  syntax error, unexpected token "public" in /home/gideon/.gemini/antigravity/scratch/cwicly-rebuild/cwicly/core/includes/classes/class-setup.php on line 894
[18-Mar-2026 01:44:22 UTC] PHP Parse error:  syntax error, unexpected token "public" in /home/gideon/.gemini/antigravity/scratch/cwicly-rebuild/cwicly/core/includes/classes/class-setup.php on line 894
[18-Mar-2026 01:44:22 UTC] PHP Parse error:  syntax error, unexpected token "public" in /home/gideon/.gemini/antigravity/scratch/cwicly-rebuild/cwicly/core/includes/classes/class-setup.php on line 894
[18-Mar-2026 01:44:23 UTC] PHP Parse error:  syntax error, unexpected token "public" in /home/gideon/.gemini/antigravity/scratch/cwicly-rebuild/cwicly/core/includes/classes/class-setup.php on line 894
[18-Mar-2026 01:44:23 UTC] PHP Parse error:  syntax error, unexpected token "public" in /home/gideon/.gemini/antigravity/scratch/cwicly-rebuild/cwicly/core/includes/classes/class-setup.php on line 894
[18-Mar-2026 01:44:23 UTC] PHP Parse error:  syntax error, unexpected token "public" in /home/gideon/.gemini/antigravity/scratch/cwicly-rebuild/cwicly/core/includes/classes/class-setup.php on line 894
[18-Mar-2026 01:44:25 UTC] PHP Parse error:  syntax error, unexpected token "public" in /home/gideon/.gemini/antigravity/scratch/cwicly-rebuild/cwicly/core/includes/classes/class-setup.php on line 894
[18-Mar-2026 01:44:27 UTC] PHP Parse error:  syntax error, unexpected token "public" in /home/gideon/.gemini/antigravity/scratch/cwicly-rebuild/cwicly/core/includes/classes/class-setup.php on line 894
[18-Mar-2026 01:44:27 UTC] PHP Parse error:  syntax error, unexpected token "public" in /home/gideon/.gemini/antigravity/scratch/cwicly-rebuild/cwicly/core/includes/classes/class-setup.php on line 894
[18-Mar-2026 01:44:27 UTC] PHP Parse error:  syntax error, unexpected token "public" in /home/gideon/.gemini/antigravity/scratch/cwicly-rebuild/cwicly/core/includes/classes/class-setup.php on line 894
[18-Mar-2026 01:44:29 UTC] PHP Parse error:  syntax error, unexpected token "public" in /home/gideon/.gemini/antigravity/scratch/cwicly-rebuild/cwicly/core/includes/classes/class-setup.php on line 894
[18-Mar-2026 01:44:31 UTC] PHP Parse error:  syntax error, unexpected token "public" in /home/gideon/.gemini/antigravity/scratch/cwicly-rebuild/cwicly/core/includes/classes/class-setup.php on line 894
[18-Mar-2026 01:44:32 UTC] PHP Parse error:  syntax error, unexpected token "public" in /home/gideon/.gemini/antigravity/scratch/cwicly-rebuild/cwicly/core/includes/classes/class-setup.php on line 894
[18-Mar-2026 01:44:32 UTC] PHP Parse error:  syntax error, unexpected token "public" in /home/gideon/.gemini/antigravity/scratch/cwicly-rebuild/cwicly/core/includes/classes/class-setup.php on line 894
[18-Mar-2026 01:44:32 UTC] PHP Parse error:  syntax error, unexpected token "public" in /home/gideon/.gemini/antigravity/scratch/cwicly-rebuild/cwicly/core/includes/classes/class-setup.php on line 894
[18-Mar-2026 01:44:32 UTC] PHP Parse error:  syntax error, unexpected token "public" in /home/gideon/.gemini/antigravity/scratch/cwicly-rebuild/cwicly/core/includes/classes/class-setup.php on line 894
[18-Mar-2026 01:44:33 UTC] PHP Parse error:  syntax error, unexpected token "public" in /home/gideon/.gemini/antigravity/scratch/cwicly-rebuild/cwicly/core/includes/classes/class-setup.php on line 894
[18-Mar-2026 01:44:33 UTC] PHP Parse error:  syntax error, unexpected token "public" in /home/gideon/.gemini/antigravity/scratch/cwicly-rebuild/cwicly/core/includes/classes/class-setup.php on line 894
[18-Mar-2026 01:44:34 UTC] PHP Parse error:  syntax error, unexpected token "public" in /home/gideon/.gemini/antigravity/scratch/cwicly-rebuild/cwicly/core/includes/classes/class-setup.php on line 894
[18-Mar-2026 01:44:35 UTC] PHP Parse error:  syntax error, unexpected token "public" in /home/gideon/.gemini/antigravity/scratch/cwicly-rebuild/cwicly/core/includes/classes/class-setup.php on line 894
[18-Mar-2026 01:44:37 UTC] PHP Parse error:  syntax error, unexpected token "public" in /home/gideon/.gemini/antigravity/scratch/cwicly-rebuild/cwicly/core/includes/classes/class-setup.php on line 894
[18-Mar-2026 01:44:37 UTC] PHP Parse error:  syntax error, unexpected token "public" in /home/gideon/.gemini/antigravity/scratch/cwicly-rebuild/cwicly/core/includes/classes/class-setup.php on line 894
[18-Mar-2026 01:44:37 UTC] PHP Parse error:  syntax error, unexpected token "public" in /home/gideon/.gemini/antigravity/scratch/cwicly-rebuild/cwicly/core/includes/classes/class-setup.php on line 894
[18-Mar-2026 01:44:39 UTC] PHP Parse error:  syntax error, unexpected token "public" in /home/gideon/.gemini/antigravity/scratch/cwicly-rebuild/cwicly/core/includes/classes/class-setup.php on line 894
[18-Mar-2026 01:44:41 UTC] PHP Parse error:  syntax error, unexpected token "public" in /home/gideon/.gemini/antigravity/scratch/cwicly-rebuild/cwicly/core/includes/classes/class-setup.php on line 894
[18-Mar-2026 01:44:41 UTC] PHP Parse error:  syntax error, unexpected token "public" in /home/gideon/.gemini/antigravity/scratch/cwicly-rebuild/cwicly/core/includes/classes/class-setup.php on line 894
[18-Mar-2026 01:44:42 UTC] PHP Parse error:  syntax error, unexpected token "public" in /home/gideon/.gemini/antigravity/scratch/cwicly-rebuild/cwicly/core/includes/classes/class-setup.php on line 894
[18-Mar-2026 01:44:42 UTC] PHP Parse error:  syntax error, unexpected token "public" in /home/gideon/.gemini/antigravity/scratch/cwicly-rebuild/cwicly/core/includes/classes/class-setup.php on line 894
[18-Mar-2026 01:44:42 UTC] PHP Parse error:  syntax error, unexpected token "public" in /home/gideon/.gemini/antigravity/scratch/cwicly-rebuild/cwicly/core/includes/classes/class-setup.php on line 894
[18-Mar-2026 01:44:43 UTC] PHP Parse error:  syntax error, unexpected token "public" in /home/gideon/.gemini/antigravity/scratch/cwicly-rebuild/cwicly/core/includes/classes/class-setup.php on line 894
[18-Mar-2026 01:44:43 UTC] PHP Parse error:  syntax error, unexpected token "public" in /home/gideon/.gemini/antigravity/scratch/cwicly-rebuild/cwicly/core/includes/classes/class-setup.php on line 894
[18-Mar-2026 01:44:44 UTC] PHP Parse error:  syntax error, unexpected token "public" in /home/gideon/.gemini/antigravity/scratch/cwicly-rebuild/cwicly/core/includes/classes/class-setup.php on line 894
[18-Mar-2026 01:44:45 UTC] PHP Parse error:  syntax error, unexpected token "public" in /home/gideon/.gemini/antigravity/scratch/cwicly-rebuild/cwicly/core/includes/classes/class-setup.php on line 894
[18-Mar-2026 01:44:47 UTC] PHP Parse error:  syntax error, unexpected token "public" in /home/gideon/.gemini/antigravity/scratch/cwicly-rebuild/cwicly/core/includes/classes/class-setup.php on line 894
[18-Mar-2026 01:44:47 UTC] PHP Parse error:  syntax error, unexpected token "public" in /home/gideon/.gemini/antigravity/scratch/cwicly-rebuild/cwicly/core/includes/classes/class-setup.php on line 894
[18-Mar-2026 01:44:47 UTC] PHP Parse error:  syntax error, unexpected token "public" in /home/gideon/.gemini/antigravity/scratch/cwicly-rebuild/cwicly/core/includes/classes/class-setup.php on line 894
[18-Mar-2026 01:44:50 UTC] PHP Parse error:  syntax error, unexpected token "public" in /home/gideon/.gemini/antigravity/scratch/cwicly-rebuild/cwicly/core/includes/classes/class-setup.php on line 894
[18-Mar-2026 01:44:51 UTC] PHP Parse error:  syntax error, unexpected token "public" in /home/gideon/.gemini/antigravity/scratch/cwicly-rebuild/cwicly/core/includes/classes/class-setup.php on line 894
[18-Mar-2026 01:44:51 UTC] PHP Parse error:  syntax error, unexpected token "public" in /home/gideon/.gemini/antigravity/scratch/cwicly-rebuild/cwicly/core/includes/classes/class-setup.php on line 894
[18-Mar-2026 01:44:53 UTC] PHP Parse error:  syntax error, unexpected token "public" in /home/gideon/.gemini/antigravity/scratch/cwicly-rebuild/cwicly/core/includes/classes/class-setup.php on line 894
[18-Mar-2026 01:44:53 UTC] PHP Parse error:  syntax error, unexpected token "public" in /home/gideon/.gemini/antigravity/scratch/cwicly-rebuild/cwicly/core/includes/classes/class-setup.php on line 894
[18-Mar-2026 01:44:53 UTC] PHP Parse error:  syntax error, unexpected token "public" in /home/gideon/.gemini/antigravity/scratch/cwicly-rebuild/cwicly/core/includes/classes/class-setup.php on line 894
[18-Mar-2026 01:44:54 UTC] PHP Parse error:  syntax error, unexpected token "public" in /home/gideon/.gemini/antigravity/scratch/cwicly-rebuild/cwicly/core/includes/classes/class-setup.php on line 894
[18-Mar-2026 01:44:54 UTC] PHP Parse error:  syntax error, unexpected token "public" in /home/gideon/.gemini/antigravity/scratch/cwicly-rebuild/cwicly/core/includes/classes/class-setup.php on line 894
[18-Mar-2026 01:44:55 UTC] PHP Parse error:  syntax error, unexpected token "public" in /home/gideon/.gemini/antigravity/scratch/cwicly-rebuild/cwicly/core/includes/classes/class-setup.php on line 894
[18-Mar-2026 01:44:57 UTC] PHP Parse error:  syntax error, unexpected token "public" in /home/gideon/.gemini/antigravity/scratch/cwicly-rebuild/cwicly/core/includes/classes/class-setup.php on line 894
[18-Mar-2026 01:44:58 UTC] PHP Parse error:  syntax error, unexpected token "public" in /home/gideon/.gemini/antigravity/scratch/cwicly-rebuild/cwicly/core/includes/classes/class-setup.php on line 894
[18-Mar-2026 01:44:58 UTC] PHP Parse error:  syntax error, unexpected token "public" in /home/gideon/.gemini/antigravity/scratch/cwicly-rebuild/cwicly/core/includes/classes/class-setup.php on line 894
[18-Mar-2026 01:45:00 UTC] PHP Parse error:  syntax error, unexpected token "public" in /home/gideon/.gemini/antigravity/scratch/cwicly-rebuild/cwicly/core/includes/classes/class-setup.php on line 894
[18-Mar-2026 01:45:01 UTC] PHP Parse error:  syntax error, unexpected token "public" in /home/gideon/.gemini/antigravity/scratch/cwicly-rebuild/cwicly/core/includes/classes/class-setup.php on line 894
[18-Mar-2026 01:45:02 UTC] PHP Parse error:  syntax error, unexpected token "public" in /home/gideon/.gemini/antigravity/scratch/cwicly-rebuild/cwicly/core/includes/classes/class-setup.php on line 894
[18-Mar-2026 01:45:02 UTC] PHP Parse error:  syntax error, unexpected token "public" in /home/gideon/.gemini/antigravity/scratch/cwicly-rebuild/cwicly/core/includes/classes/class-setup.php on line 894
[18-Mar-2026 01:45:02 UTC] PHP Parse error:  syntax error, unexpected token "public" in /home/gideon/.gemini/antigravity/scratch/cwicly-rebuild/cwicly/core/includes/classes/class-setup.php on line 894
[18-Mar-2026 01:45:03 UTC] PHP Parse error:  syntax error, unexpected token "public" in /home/gideon/.gemini/antigravity/scratch/cwicly-rebuild/cwicly/core/includes/classes/class-setup.php on line 894
[18-Mar-2026 01:45:03 UTC] PHP Parse error:  syntax error, unexpected token "public" in /home/gideon/.gemini/antigravity/scratch/cwicly-rebuild/cwicly/core/includes/classes/class-setup.php on line 894
[18-Mar-2026 01:45:04 UTC] PHP Parse error:  syntax error, unexpected token "public" in /home/gideon/.gemini/antigravity/scratch/cwicly-rebuild/cwicly/core/includes/classes/class-setup.php on line 894
[18-Mar-2026 01:45:05 UTC] PHP Parse error:  syntax error, unexpected token "public" in /home/gideon/.gemini/antigravity/scratch/cwicly-rebuild/cwicly/core/includes/classes/class-setup.php on line 894
[18-Mar-2026 01:45:07 UTC] PHP Parse error:  syntax error, unexpected token "public" in /home/gideon/.gemini/antigravity/scratch/cwicly-rebuild/cwicly/core/includes/classes/class-setup.php on line 894
[18-Mar-2026 01:45:07 UTC] PHP Parse error:  syntax error, unexpected token "public" in /home/gideon/.gemini/antigravity/scratch/cwicly-rebuild/cwicly/core/includes/classes/class-setup.php on line 894
[18-Mar-2026 01:45:07 UTC] PHP Parse error:  syntax error, unexpected token "public" in /home/gideon/.gemini/antigravity/scratch/cwicly-rebuild/cwicly/core/includes/classes/class-setup.php on line 894
[18-Mar-2026 01:45:09 UTC] PHP Parse error:  syntax error, unexpected token "public" in /home/gideon/.gemini/antigravity/scratch/cwicly-rebuild/cwicly/core/includes/classes/class-setup.php on line 894
[18-Mar-2026 01:45:11 UTC] PHP Parse error:  syntax error, unexpected token "public" in /home/gideon/.gemini/antigravity/scratch/cwicly-rebuild/cwicly/core/includes/classes/class-setup.php on line 894
[18-Mar-2026 01:45:11 UTC] PHP Parse error:  syntax error, unexpected token "public" in /home/gideon/.gemini/antigravity/scratch/cwicly-rebuild/cwicly/core/includes/classes/class-setup.php on line 894
[18-Mar-2026 01:45:12 UTC] PHP Parse error:  syntax error, unexpected token "public" in /home/gideon/.gemini/antigravity/scratch/cwicly-rebuild/cwicly/core/includes/classes/class-setup.php on line 894
[18-Mar-2026 01:45:12 UTC] PHP Parse error:  syntax error, unexpected token "public" in /home/gideon/.gemini/antigravity/scratch/cwicly-rebuild/cwicly/core/includes/classes/class-setup.php on line 894
[18-Mar-2026 01:45:13 UTC] PHP Parse error:  syntax error, unexpected token "public" in /home/gideon/.gemini/antigravity/scratch/cwicly-rebuild/cwicly/core/includes/classes/class-setup.php on line 894
[18-Mar-2026 01:45:13 UTC] PHP Parse error:  syntax error, unexpected token "public" in /home/gideon/.gemini/antigravity/scratch/cwicly-rebuild/cwicly/core/includes/classes/class-setup.php on line 894
[18-Mar-2026 01:45:14 UTC] PHP Parse error:  syntax error, unexpected token "public" in /home/gideon/.gemini/antigravity/scratch/cwicly-rebuild/cwicly/core/includes/classes/class-setup.php on line 894
[18-Mar-2026 01:45:15 UTC] PHP Parse error:  syntax error, unexpected token "public" in /home/gideon/.gemini/antigravity/scratch/cwicly-rebuild/cwicly/core/includes/classes/class-setup.php on line 894
[18-Mar-2026 01:45:17 UTC] PHP Parse error:  syntax error, unexpected token "public" in /home/gideon/.gemini/antigravity/scratch/cwicly-rebuild/cwicly/core/includes/classes/class-setup.php on line 894
[18-Mar-2026 01:45:17 UTC] PHP Parse error:  syntax error, unexpected token "public" in /home/gideon/.gemini/antigravity/scratch/cwicly-rebuild/cwicly/core/includes/classes/class-setup.php on line 894
[18-Mar-2026 01:45:17 UTC] PHP Parse error:  syntax error, unexpected token "public" in /home/gideon/.gemini/antigravity/scratch/cwicly-rebuild/cwicly/core/includes/classes/class-setup.php on line 894
[18-Mar-2026 01:45:19 UTC] PHP Parse error:  syntax error, unexpected token "public" in /home/gideon/.gemini/antigravity/scratch/cwicly-rebuild/cwicly/core/includes/classes/class-setup.php on line 894
[18-Mar-2026 01:45:21 UTC] PHP Parse error:  syntax error, unexpected token "public" in /home/gideon/.gemini/antigravity/scratch/cwicly-rebuild/cwicly/core/includes/classes/class-setup.php on line 894
[18-Mar-2026 01:45:21 UTC] PHP Parse error:  syntax error, unexpected token "public" in /home/gideon/.gemini/antigravity/scratch/cwicly-rebuild/cwicly/core/includes/classes/class-setup.php on line 894
[18-Mar-2026 01:45:22 UTC] PHP Parse error:  syntax error, unexpected token "public" in /home/gideon/.gemini/antigravity/scratch/cwicly-rebuild/cwicly/core/includes/classes/class-setup.php on line 894
[18-Mar-2026 01:45:22 UTC] PHP Parse error:  syntax error, unexpected token "public" in /home/gideon/.gemini/antigravity/scratch/cwicly-rebuild/cwicly/core/includes/classes/class-setup.php on line 894
[18-Mar-2026 01:45:23 UTC] PHP Parse error:  syntax error, unexpected token "public" in /home/gideon/.gemini/antigravity/scratch/cwicly-rebuild/cwicly/core/includes/classes/class-setup.php on line 894
[18-Mar-2026 01:45:23 UTC] PHP Parse error:  syntax error, unexpected token "public" in /home/gideon/.gemini/antigravity/scratch/cwicly-rebuild/cwicly/core/includes/classes/class-setup.php on line 894
[18-Mar-2026 01:45:23 UTC] PHP Parse error:  syntax error, unexpected token "public" in /home/gideon/.gemini/antigravity/scratch/cwicly-rebuild/cwicly/core/includes/classes/class-setup.php on line 894
[18-Mar-2026 01:45:25 UTC] PHP Parse error:  syntax error, unexpected token "public" in /home/gideon/.gemini/antigravity/scratch/cwicly-rebuild/cwicly/core/includes/classes/class-setup.php on line 894
[18-Mar-2026 01:45:27 UTC] PHP Parse error:  syntax error, unexpected token "public" in /home/gideon/.gemini/antigravity/scratch/cwicly-rebuild/cwicly/core/includes/classes/class-setup.php on line 894
[18-Mar-2026 01:45:27 UTC] PHP Parse error:  syntax error, unexpected token "public" in /home/gideon/.gemini/antigravity/scratch/cwicly-rebuild/cwicly/core/includes/classes/class-setup.php on line 894
[18-Mar-2026 01:45:27 UTC] PHP Parse error:  syntax error, unexpected token "public" in /home/gideon/.gemini/antigravity/scratch/cwicly-rebuild/cwicly/core/includes/classes/class-setup.php on line 894
[18-Mar-2026 01:45:29 UTC] PHP Parse error:  syntax error, unexpected token "public" in /home/gideon/.gemini/antigravity/scratch/cwicly-rebuild/cwicly/core/includes/classes/class-setup.php on line 894
[18-Mar-2026 01:45:31 UTC] PHP Parse error:  syntax error, unexpected token "public" in /home/gideon/.gemini/antigravity/scratch/cwicly-rebuild/cwicly/core/includes/classes/class-setup.php on line 894
[18-Mar-2026 01:45:31 UTC] PHP Parse error:  syntax error, unexpected token "public" in /home/gideon/.gemini/antigravity/scratch/cwicly-rebuild/cwicly/core/includes/classes/class-setup.php on line 894
[18-Mar-2026 01:45:32 UTC] PHP Parse error:  syntax error, unexpected token "public" in /home/gideon/.gemini/antigravity/scratch/cwicly-rebuild/cwicly/core/includes/classes/class-setup.php on line 894
[18-Mar-2026 01:45:32 UTC] PHP Parse error:  syntax error, unexpected token "public" in /home/gideon/.gemini/antigravity/scratch/cwicly-rebuild/cwicly/core/includes/classes/class-setup.php on line 894
[18-Mar-2026 01:45:32 UTC] PHP Parse error:  syntax error, unexpected token "public" in /home/gideon/.gemini/antigravity/scratch/cwicly-rebuild/cwicly/core/includes/classes/class-setup.php on line 894
[18-Mar-2026 01:45:33 UTC] PHP Parse error:  syntax error, unexpected token "public" in /home/gideon/.gemini/antigravity/scratch/cwicly-rebuild/cwicly/core/includes/classes/class-setup.php on line 894
[18-Mar-2026 01:45:33 UTC] PHP Parse error:  syntax error, unexpected token "public" in /home/gideon/.gemini/antigravity/scratch/cwicly-rebuild/cwicly/core/includes/classes/class-setup.php on line 894
[18-Mar-2026 01:45:33 UTC] PHP Parse error:  syntax error, unexpected token "public" in /home/gideon/.gemini/antigravity/scratch/cwicly-rebuild/cwicly/core/includes/classes/class-setup.php on line 894
[18-Mar-2026 01:45:35 UTC] PHP Parse error:  syntax error, unexpected token "public" in /home/gideon/.gemini/antigravity/scratch/cwicly-rebuild/cwicly/core/includes/classes/class-setup.php on line 894
[18-Mar-2026 01:45:37 UTC] PHP Parse error:  syntax error, unexpected token "public" in /home/gideon/.gemini/antigravity/scratch/cwicly-rebuild/cwicly/core/includes/classes/class-setup.php on line 894
[18-Mar-2026 01:45:37 UTC] PHP Parse error:  syntax error, unexpected token "public" in /home/gideon/.gemini/antigravity/scratch/cwicly-rebuild/cwicly/core/includes/classes/class-setup.php on line 894
[18-Mar-2026 01:45:37 UTC] PHP Parse error:  syntax error, unexpected token "public" in /home/gideon/.gemini/antigravity/scratch/cwicly-rebuild/cwicly/core/includes/classes/class-setup.php on line 894
[18-Mar-2026 01:45:39 UTC] PHP Parse error:  syntax error, unexpected token "public" in /home/gideon/.gemini/antigravity/scratch/cwicly-rebuild/cwicly/core/includes/classes/class-setup.php on line 894
[18-Mar-2026 01:45:41 UTC] PHP Parse error:  syntax error, unexpected token "public" in /home/gideon/.gemini/antigravity/scratch/cwicly-rebuild/cwicly/core/includes/classes/class-setup.php on line 894
[18-Mar-2026 01:45:41 UTC] PHP Parse error:  syntax error, unexpected token "public" in /home/gideon/.gemini/antigravity/scratch/cwicly-rebuild/cwicly/core/includes/classes/class-setup.php on line 894
[18-Mar-2026 01:45:41 UTC] PHP Parse error:  syntax error, unexpected token "public" in /home/gideon/.gemini/antigravity/scratch/cwicly-rebuild/cwicly/core/includes/classes/class-setup.php on line 894
[18-Mar-2026 01:45:42 UTC] PHP Parse error:  syntax error, unexpected token "public" in /home/gideon/.gemini/antigravity/scratch/cwicly-rebuild/cwicly/core/includes/classes/class-setup.php on line 894
[18-Mar-2026 01:45:42 UTC] PHP Parse error:  syntax error, unexpected token "public" in /home/gideon/.gemini/antigravity/scratch/cwicly-rebuild/cwicly/core/includes/classes/class-setup.php on line 894
[18-Mar-2026 01:45:43 UTC] PHP Parse error:  syntax error, unexpected token "public" in /home/gideon/.gemini/antigravity/scratch/cwicly-rebuild/cwicly/core/includes/classes/class-setup.php on line 894
[18-Mar-2026 01:45:43 UTC] PHP Parse error:  syntax error, unexpected token "public" in /home/gideon/.gemini/antigravity/scratch/cwicly-rebuild/cwicly/core/includes/classes/class-setup.php on line 894
[18-Mar-2026 01:45:44 UTC] PHP Parse error:  syntax error, unexpected token "public" in /home/gideon/.gemini/antigravity/scratch/cwicly-rebuild/cwicly/core/includes/classes/class-setup.php on line 894
[18-Mar-2026 01:45:45 UTC] PHP Parse error:  syntax error, unexpected token "public" in /home/gideon/.gemini/antigravity/scratch/cwicly-rebuild/cwicly/core/includes/classes/class-setup.php on line 894
[18-Mar-2026 01:45:47 UTC] PHP Parse error:  syntax error, unexpected token "public" in /home/gideon/.gemini/antigravity/scratch/cwicly-rebuild/cwicly/core/includes/classes/class-setup.php on line 894
[18-Mar-2026 01:45:47 UTC] PHP Parse error:  syntax error, unexpected token "public" in /home/gideon/.gemini/antigravity/scratch/cwicly-rebuild/cwicly/core/includes/classes/class-setup.php on line 894
[18-Mar-2026 01:45:47 UTC] PHP Parse error:  syntax error, unexpected token "public" in /home/gideon/.gemini/antigravity/scratch/cwicly-rebuild/cwicly/core/includes/classes/class-setup.php on line 894
[18-Mar-2026 01:45:49 UTC] PHP Parse error:  syntax error, unexpected token "public" in /home/gideon/.gemini/antigravity/scratch/cwicly-rebuild/cwicly/core/includes/classes/class-setup.php on line 894
[18-Mar-2026 01:45:51 UTC] PHP Parse error:  syntax error, unexpected token "public" in /home/gideon/.gemini/antigravity/scratch/cwicly-rebuild/cwicly/core/includes/classes/class-setup.php on line 894
[18-Mar-2026 01:45:51 UTC] PHP Parse error:  syntax error, unexpected token "public" in /home/gideon/.gemini/antigravity/scratch/cwicly-rebuild/cwicly/core/includes/classes/class-setup.php on line 894
[18-Mar-2026 01:45:52 UTC] PHP Parse error:  syntax error, unexpected token "public" in /home/gideon/.gemini/antigravity/scratch/cwicly-rebuild/cwicly/core/includes/classes/class-setup.php on line 894
[18-Mar-2026 01:45:52 UTC] PHP Parse error:  syntax error, unexpected token "public" in /home/gideon/.gemini/antigravity/scratch/cwicly-rebuild/cwicly/core/includes/classes/class-setup.php on line 894
[18-Mar-2026 01:45:53 UTC] PHP Parse error:  syntax error, unexpected token "public" in /home/gideon/.gemini/antigravity/scratch/cwicly-rebuild/cwicly/core/includes/classes/class-setup.php on line 894
[18-Mar-2026 01:45:53 UTC] PHP Parse error:  syntax error, unexpected token "public" in /home/gideon/.gemini/antigravity/scratch/cwicly-rebuild/cwicly/core/includes/classes/class-setup.php on line 894
[18-Mar-2026 01:45:54 UTC] PHP Parse error:  syntax error, unexpected token "public" in /home/gideon/.gemini/antigravity/scratch/cwicly-rebuild/cwicly/core/includes/classes/class-setup.php on line 894
[18-Mar-2026 01:45:55 UTC] PHP Parse error:  syntax error, unexpected token "public" in /home/gideon/.gemini/antigravity/scratch/cwicly-rebuild/cwicly/core/includes/classes/class-setup.php on line 894
[18-Mar-2026 01:45:57 UTC] PHP Parse error:  syntax error, unexpected token "public" in /home/gideon/.gemini/antigravity/scratch/cwicly-rebuild/cwicly/core/includes/classes/class-setup.php on line 894
[18-Mar-2026 01:45:57 UTC] PHP Parse error:  syntax error, unexpected token "public" in /home/gideon/.gemini/antigravity/scratch/cwicly-rebuild/cwicly/core/includes/classes/class-setup.php on line 894
[18-Mar-2026 01:45:57 UTC] PHP Parse error:  syntax error, unexpected token "public" in /home/gideon/.gemini/antigravity/scratch/cwicly-rebuild/cwicly/core/includes/classes/class-setup.php on line 894
[18-Mar-2026 01:45:59 UTC] PHP Parse error:  syntax error, unexpected token "public" in /home/gideon/.gemini/antigravity/scratch/cwicly-rebuild/cwicly/core/includes/classes/class-setup.php on line 894
[18-Mar-2026 01:46:01 UTC] PHP Parse error:  syntax error, unexpected token "public" in /home/gideon/.gemini/antigravity/scratch/cwicly-rebuild/cwicly/core/includes/classes/class-setup.php on line 894
[18-Mar-2026 01:46:01 UTC] PHP Parse error:  syntax error, unexpected token "public" in /home/gideon/.gemini/antigravity/scratch/cwicly-rebuild/cwicly/core/includes/classes/class-setup.php on line 894
[18-Mar-2026 01:46:02 UTC] PHP Parse error:  syntax error, unexpected token "public" in /home/gideon/.gemini/antigravity/scratch/cwicly-rebuild/cwicly/core/includes/classes/class-setup.php on line 894
[18-Mar-2026 01:46:02 UTC] PHP Parse error:  syntax error, unexpected token "public" in /home/gideon/.gemini/antigravity/scratch/cwicly-rebuild/cwicly/core/includes/classes/class-setup.php on line 894
[18-Mar-2026 01:46:03 UTC] PHP Parse error:  syntax error, unexpected token "public" in /home/gideon/.gemini/antigravity/scratch/cwicly-rebuild/cwicly/core/includes/classes/class-setup.php on line 894
[18-Mar-2026 01:46:03 UTC] PHP Parse error:  syntax error, unexpected token "public" in /home/gideon/.gemini/antigravity/scratch/cwicly-rebuild/cwicly/core/includes/classes/class-setup.php on line 894
[18-Mar-2026 01:46:04 UTC] PHP Parse error:  syntax error, unexpected token "public" in /home/gideon/.gemini/antigravity/scratch/cwicly-rebuild/cwicly/core/includes/classes/class-setup.php on line 894
[18-Mar-2026 01:46:05 UTC] PHP Parse error:  syntax error, unexpected token "public" in /home/gideon/.gemini/antigravity/scratch/cwicly-rebuild/cwicly/core/includes/classes/class-setup.php on line 894
[18-Mar-2026 01:46:07 UTC] PHP Parse error:  syntax error, unexpected token "public" in /home/gideon/.gemini/antigravity/scratch/cwicly-rebuild/cwicly/core/includes/classes/class-setup.php on line 894
[18-Mar-2026 01:46:07 UTC] PHP Parse error:  syntax error, unexpected token "public" in /home/gideon/.gemini/antigravity/scratch/cwicly-rebuild/cwicly/core/includes/classes/class-setup.php on line 894
[18-Mar-2026 01:46:07 UTC] PHP Parse error:  syntax error, unexpected token "public" in /home/gideon/.gemini/antigravity/scratch/cwicly-rebuild/cwicly/core/includes/classes/class-setup.php on line 894
[18-Mar-2026 01:46:09 UTC] PHP Parse error:  syntax error, unexpected token "public" in /home/gideon/.gemini/antigravity/scratch/cwicly-rebuild/cwicly/core/includes/classes/class-setup.php on line 894
[18-Mar-2026 01:46:11 UTC] PHP Parse error:  syntax error, unexpected token "public" in /home/gideon/.gemini/antigravity/scratch/cwicly-rebuild/cwicly/core/includes/classes/class-setup.php on line 894
[18-Mar-2026 01:46:11 UTC] PHP Parse error:  syntax error, unexpected token "public" in /home/gideon/.gemini/antigravity/scratch/cwicly-rebuild/cwicly/core/includes/classes/class-setup.php on line 894
[18-Mar-2026 01:46:12 UTC] PHP Parse error:  syntax error, unexpected token "public" in /home/gideon/.gemini/antigravity/scratch/cwicly-rebuild/cwicly/core/includes/classes/class-setup.php on line 894
[18-Mar-2026 01:46:12 UTC] PHP Parse error:  syntax error, unexpected token "public" in /home/gideon/.gemini/antigravity/scratch/cwicly-rebuild/cwicly/core/includes/classes/class-setup.php on line 894
[18-Mar-2026 01:46:13 UTC] PHP Parse error:  syntax error, unexpected token "public" in /home/gideon/.gemini/antigravity/scratch/cwicly-rebuild/cwicly/core/includes/classes/class-setup.php on line 894
[18-Mar-2026 01:46:13 UTC] PHP Parse error:  syntax error, unexpected token "public" in /home/gideon/.gemini/antigravity/scratch/cwicly-rebuild/cwicly/core/includes/classes/class-setup.php on line 894
[18-Mar-2026 01:46:13 UTC] PHP Parse error:  syntax error, unexpected token "public" in /home/gideon/.gemini/antigravity/scratch/cwicly-rebuild/cwicly/core/includes/classes/class-setup.php on line 894
[18-Mar-2026 01:46:15 UTC] PHP Parse error:  syntax error, unexpected token "public" in /home/gideon/.gemini/antigravity/scratch/cwicly-rebuild/cwicly/core/includes/classes/class-setup.php on line 894
[18-Mar-2026 01:46:17 UTC] PHP Parse error:  syntax error, unexpected token "public" in /home/gideon/.gemini/antigravity/scratch/cwicly-rebuild/cwicly/core/includes/classes/class-setup.php on line 894
[18-Mar-2026 01:46:17 UTC] PHP Parse error:  syntax error, unexpected token "public" in /home/gideon/.gemini/antigravity/scratch/cwicly-rebuild/cwicly/core/includes/classes/class-setup.php on line 894
[18-Mar-2026 01:46:17 UTC] PHP Parse error:  syntax error, unexpected token "public" in /home/gideon/.gemini/antigravity/scratch/cwicly-rebuild/cwicly/core/includes/classes/class-setup.php on line 894
[18-Mar-2026 01:46:19 UTC] PHP Parse error:  syntax error, unexpected token "public" in /home/gideon/.gemini/antigravity/scratch/cwicly-rebuild/cwicly/core/includes/classes/class-setup.php on line 894
[18-Mar-2026 01:46:21 UTC] PHP Parse error:  syntax error, unexpected token "public" in /home/gideon/.gemini/antigravity/scratch/cwicly-rebuild/cwicly/core/includes/classes/class-setup.php on line 894
[18-Mar-2026 01:46:21 UTC] PHP Parse error:  syntax error, unexpected token "public" in /home/gideon/.gemini/antigravity/scratch/cwicly-rebuild/cwicly/core/includes/classes/class-setup.php on line 894
[18-Mar-2026 01:46:22 UTC] PHP Parse error:  syntax error, unexpected token "public" in /home/gideon/.gemini/antigravity/scratch/cwicly-rebuild/cwicly/core/includes/classes/class-setup.php on line 894
[18-Mar-2026 01:46:22 UTC] PHP Parse error:  syntax error, unexpected token "public" in /home/gideon/.gemini/antigravity/scratch/cwicly-rebuild/cwicly/core/includes/classes/class-setup.php on line 894
[18-Mar-2026 01:46:23 UTC] PHP Parse error:  syntax error, unexpected token "public" in /home/gideon/.gemini/antigravity/scratch/cwicly-rebuild/cwicly/core/includes/classes/class-setup.php on line 894
[18-Mar-2026 01:46:23 UTC] PHP Parse error:  syntax error, unexpected token "public" in /home/gideon/.gemini/antigravity/scratch/cwicly-rebuild/cwicly/core/includes/classes/class-setup.php on line 894
[18-Mar-2026 01:46:23 UTC] PHP Parse error:  syntax error, unexpected token "public" in /home/gideon/.gemini/antigravity/scratch/cwicly-rebuild/cwicly/core/includes/classes/class-setup.php on line 894
[18-Mar-2026 01:46:25 UTC] PHP Parse error:  syntax error, unexpected token "public" in /home/gideon/.gemini/antigravity/scratch/cwicly-rebuild/cwicly/core/includes/classes/class-setup.php on line 894
[18-Mar-2026 01:46:27 UTC] PHP Parse error:  syntax error, unexpected token "public" in /home/gideon/.gemini/antigravity/scratch/cwicly-rebuild/cwicly/core/includes/classes/class-setup.php on line 894
[18-Mar-2026 01:46:27 UTC] PHP Parse error:  syntax error, unexpected token "public" in /home/gideon/.gemini/antigravity/scratch/cwicly-rebuild/cwicly/core/includes/classes/class-setup.php on line 894
[18-Mar-2026 01:46:27 UTC] PHP Parse error:  syntax error, unexpected token "public" in /home/gideon/.gemini/antigravity/scratch/cwicly-rebuild/cwicly/core/includes/classes/class-setup.php on line 894
[18-Mar-2026 01:46:29 UTC] PHP Parse error:  syntax error, unexpected token "public" in /home/gideon/.gemini/antigravity/scratch/cwicly-rebuild/cwicly/core/includes/classes/class-setup.php on line 894
[18-Mar-2026 01:46:31 UTC] PHP Parse error:  syntax error, unexpected token "public" in /home/gideon/.gemini/antigravity/scratch/cwicly-rebuild/cwicly/core/includes/classes/class-setup.php on line 894
[18-Mar-2026 01:46:31 UTC] PHP Parse error:  syntax error, unexpected token "public" in /home/gideon/.gemini/antigravity/scratch/cwicly-rebuild/cwicly/core/includes/classes/class-setup.php on line 894
[18-Mar-2026 01:46:31 UTC] PHP Parse error:  syntax error, unexpected token "public" in /home/gideon/.gemini/antigravity/scratch/cwicly-rebuild/cwicly/core/includes/classes/class-setup.php on line 894
[18-Mar-2026 01:46:32 UTC] PHP Parse error:  syntax error, unexpected token "public" in /home/gideon/.gemini/antigravity/scratch/cwicly-rebuild/cwicly/core/includes/classes/class-setup.php on line 894
[18-Mar-2026 01:46:32 UTC] PHP Parse error:  syntax error, unexpected token "public" in /home/gideon/.gemini/antigravity/scratch/cwicly-rebuild/cwicly/core/includes/classes/class-setup.php on line 894
[18-Mar-2026 01:46:33 UTC] PHP Parse error:  syntax error, unexpected token "public" in /home/gideon/.gemini/antigravity/scratch/cwicly-rebuild/cwicly/core/includes/classes/class-setup.php on line 894
[18-Mar-2026 01:46:33 UTC] PHP Parse error:  syntax error, unexpected token "public" in /home/gideon/.gemini/antigravity/scratch/cwicly-rebuild/cwicly/core/includes/classes/class-setup.php on line 894
[18-Mar-2026 01:46:33 UTC] PHP Parse error:  syntax error, unexpected token "public" in /home/gideon/.gemini/antigravity/scratch/cwicly-rebuild/cwicly/core/includes/classes/class-setup.php on line 894
[18-Mar-2026 01:46:35 UTC] PHP Parse error:  syntax error, unexpected token "public" in /home/gideon/.gemini/antigravity/scratch/cwicly-rebuild/cwicly/core/includes/classes/class-setup.php on line 894
[18-Mar-2026 01:46:37 UTC] PHP Parse error:  syntax error, unexpected token "public" in /home/gideon/.gemini/antigravity/scratch/cwicly-rebuild/cwicly/core/includes/classes/class-setup.php on line 894
[18-Mar-2026 01:46:37 UTC] PHP Parse error:  syntax error, unexpected token "public" in /home/gideon/.gemini/antigravity/scratch/cwicly-rebuild/cwicly/core/includes/classes/class-setup.php on line 894
[18-Mar-2026 01:46:37 UTC] PHP Parse error:  syntax error, unexpected token "public" in /home/gideon/.gemini/antigravity/scratch/cwicly-rebuild/cwicly/core/includes/classes/class-setup.php on line 894
[18-Mar-2026 01:46:39 UTC] PHP Parse error:  syntax error, unexpected token "public" in /home/gideon/.gemini/antigravity/scratch/cwicly-rebuild/cwicly/core/includes/classes/class-setup.php on line 894
[18-Mar-2026 01:46:41 UTC] PHP Parse error:  syntax error, unexpected token "public" in /home/gideon/.gemini/antigravity/scratch/cwicly-rebuild/cwicly/core/includes/classes/class-setup.php on line 894
[18-Mar-2026 01:46:41 UTC] PHP Parse error:  syntax error, unexpected token "public" in /home/gideon/.gemini/antigravity/scratch/cwicly-rebuild/cwicly/core/includes/classes/class-setup.php on line 894
[18-Mar-2026 01:46:41 UTC] PHP Parse error:  syntax error, unexpected token "public" in /home/gideon/.gemini/antigravity/scratch/cwicly-rebuild/cwicly/core/includes/classes/class-setup.php on line 894
[18-Mar-2026 01:46:42 UTC] PHP Parse error:  syntax error, unexpected token "public" in /home/gideon/.gemini/antigravity/scratch/cwicly-rebuild/cwicly/core/includes/classes/class-setup.php on line 894
[18-Mar-2026 01:46:42 UTC] PHP Parse error:  syntax error, unexpected token "public" in /home/gideon/.gemini/antigravity/scratch/cwicly-rebuild/cwicly/core/includes/classes/class-setup.php on line 894
[18-Mar-2026 01:46:43 UTC] PHP Parse error:  syntax error, unexpected token "public" in /home/gideon/.gemini/antigravity/scratch/cwicly-rebuild/cwicly/core/includes/classes/class-setup.php on line 894
[18-Mar-2026 01:46:43 UTC] PHP Parse error:  syntax error, unexpected token "public" in /home/gideon/.gemini/antigravity/scratch/cwicly-rebuild/cwicly/core/includes/classes/class-setup.php on line 894
[18-Mar-2026 01:46:43 UTC] PHP Parse error:  syntax error, unexpected token "public" in /home/gideon/.gemini/antigravity/scratch/cwicly-rebuild/cwicly/core/includes/classes/class-setup.php on line 894
[18-Mar-2026 01:46:45 UTC] PHP Parse error:  syntax error, unexpected token "public" in /home/gideon/.gemini/antigravity/scratch/cwicly-rebuild/cwicly/core/includes/classes/class-setup.php on line 894
[18-Mar-2026 01:46:47 UTC] PHP Parse error:  syntax error, unexpected token "public" in /home/gideon/.gemini/antigravity/scratch/cwicly-rebuild/cwicly/core/includes/classes/class-setup.php on line 894
[18-Mar-2026 01:46:47 UTC] PHP Parse error:  syntax error, unexpected token "public" in /home/gideon/.gemini/antigravity/scratch/cwicly-rebuild/cwicly/core/includes/classes/class-setup.php on line 894
[18-Mar-2026 01:46:47 UTC] PHP Parse error:  syntax error, unexpected token "public" in /home/gideon/.gemini/antigravity/scratch/cwicly-rebuild/cwicly/core/includes/classes/class-setup.php on line 894
[18-Mar-2026 01:46:49 UTC] PHP Parse error:  syntax error, unexpected token "public" in /home/gideon/.gemini/antigravity/scratch/cwicly-rebuild/cwicly/core/includes/classes/class-setup.php on line 894
[18-Mar-2026 01:46:51 UTC] PHP Parse error:  syntax error, unexpected token "public" in /home/gideon/.gemini/antigravity/scratch/cwicly-rebuild/cwicly/core/includes/classes/class-setup.php on line 894
[18-Mar-2026 01:46:51 UTC] PHP Parse error:  syntax error, unexpected token "public" in /home/gideon/.gemini/antigravity/scratch/cwicly-rebuild/cwicly/core/includes/classes/class-setup.php on line 894
[18-Mar-2026 01:46:52 UTC] PHP Parse error:  syntax error, unexpected token "public" in /home/gideon/.gemini/antigravity/scratch/cwicly-rebuild/cwicly/core/includes/classes/class-setup.php on line 894
[18-Mar-2026 01:46:52 UTC] PHP Parse error:  syntax error, unexpected token "public" in /home/gideon/.gemini/antigravity/scratch/cwicly-rebuild/cwicly/core/includes/classes/class-setup.php on line 894
[18-Mar-2026 01:46:53 UTC] PHP Parse error:  syntax error, unexpected token "public" in /home/gideon/.gemini/antigravity/scratch/cwicly-rebuild/cwicly/core/includes/classes/class-setup.php on line 894
[18-Mar-2026 01:46:53 UTC] PHP Parse error:  syntax error, unexpected token "public" in /home/gideon/.gemini/antigravity/scratch/cwicly-rebuild/cwicly/core/includes/classes/class-setup.php on line 894
[18-Mar-2026 01:46:53 UTC] PHP Parse error:  syntax error, unexpected token "public" in /home/gideon/.gemini/antigravity/scratch/cwicly-rebuild/cwicly/core/includes/classes/class-setup.php on line 894
[18-Mar-2026 01:46:55 UTC] PHP Parse error:  syntax error, unexpected token "public" in /home/gideon/.gemini/antigravity/scratch/cwicly-rebuild/cwicly/core/includes/classes/class-setup.php on line 894
[18-Mar-2026 01:46:57 UTC] PHP Parse error:  syntax error, unexpected token "public" in /home/gideon/.gemini/antigravity/scratch/cwicly-rebuild/cwicly/core/includes/classes/class-setup.php on line 894
[18-Mar-2026 01:46:57 UTC] PHP Parse error:  syntax error, unexpected token "public" in /home/gideon/.gemini/antigravity/scratch/cwicly-rebuild/cwicly/core/includes/classes/class-setup.php on line 894
[18-Mar-2026 01:46:57 UTC] PHP Parse error:  syntax error, unexpected token "public" in /home/gideon/.gemini/antigravity/scratch/cwicly-rebuild/cwicly/core/includes/classes/class-setup.php on line 894
[18-Mar-2026 01:46:59 UTC] PHP Parse error:  syntax error, unexpected token "public" in /home/gideon/.gemini/antigravity/scratch/cwicly-rebuild/cwicly/core/includes/classes/class-setup.php on line 894
[18-Mar-2026 01:47:01 UTC] PHP Parse error:  syntax error, unexpected token "public" in /home/gideon/.gemini/antigravity/scratch/cwicly-rebuild/cwicly/core/includes/classes/class-setup.php on line 894
[18-Mar-2026 01:47:01 UTC] PHP Parse error:  syntax error, unexpected token "public" in /home/gideon/.gemini/antigravity/scratch/cwicly-rebuild/cwicly/core/includes/classes/class-setup.php on line 894
[18-Mar-2026 01:47:02 UTC] PHP Parse error:  syntax error, unexpected token "public" in /home/gideon/.gemini/antigravity/scratch/cwicly-rebuild/cwicly/core/includes/classes/class-setup.php on line 894
[18-Mar-2026 01:47:02 UTC] PHP Parse error:  syntax error, unexpected token "public" in /home/gideon/.gemini/antigravity/scratch/cwicly-rebuild/cwicly/core/includes/classes/class-setup.php on line 894
[18-Mar-2026 01:47:03 UTC] PHP Parse error:  syntax error, unexpected token "public" in /home/gideon/.gemini/antigravity/scratch/cwicly-rebuild/cwicly/core/includes/classes/class-setup.php on line 894
[18-Mar-2026 01:47:03 UTC] PHP Parse error:  syntax error, unexpected token "public" in /home/gideon/.gemini/antigravity/scratch/cwicly-rebuild/cwicly/core/includes/classes/class-setup.php on line 894
[18-Mar-2026 01:47:03 UTC] PHP Parse error:  syntax error, unexpected token "public" in /home/gideon/.gemini/antigravity/scratch/cwicly-rebuild/cwicly/core/includes/classes/class-setup.php on line 894
[18-Mar-2026 01:47:05 UTC] PHP Parse error:  syntax error, unexpected token "public" in /home/gideon/.gemini/antigravity/scratch/cwicly-rebuild/cwicly/core/includes/classes/class-setup.php on line 894
[18-Mar-2026 01:47:07 UTC] PHP Parse error:  syntax error, unexpected token "public" in /home/gideon/.gemini/antigravity/scratch/cwicly-rebuild/cwicly/core/includes/classes/class-setup.php on line 894
[18-Mar-2026 01:47:07 UTC] PHP Parse error:  syntax error, unexpected token "public" in /home/gideon/.gemini/antigravity/scratch/cwicly-rebuild/cwicly/core/includes/classes/class-setup.php on line 894
[18-Mar-2026 01:47:07 UTC] PHP Parse error:  syntax error, unexpected token "public" in /home/gideon/.gemini/antigravity/scratch/cwicly-rebuild/cwicly/core/includes/classes/class-setup.php on line 894
[18-Mar-2026 01:47:09 UTC] PHP Parse error:  syntax error, unexpected token "public" in /home/gideon/.gemini/antigravity/scratch/cwicly-rebuild/cwicly/core/includes/classes/class-setup.php on line 894
[18-Mar-2026 01:47:11 UTC] PHP Parse error:  syntax error, unexpected token "public" in /home/gideon/.gemini/antigravity/scratch/cwicly-rebuild/cwicly/core/includes/classes/class-setup.php on line 894
[18-Mar-2026 01:47:11 UTC] PHP Parse error:  syntax error, unexpected token "public" in /home/gideon/.gemini/antigravity/scratch/cwicly-rebuild/cwicly/core/includes/classes/class-setup.php on line 894
[18-Mar-2026 01:47:12 UTC] PHP Parse error:  syntax error, unexpected token "public" in /home/gideon/.gemini/antigravity/scratch/cwicly-rebuild/cwicly/core/includes/classes/class-setup.php on line 894
[18-Mar-2026 01:47:12 UTC] PHP Parse error:  syntax error, unexpected token "public" in /home/gideon/.gemini/antigravity/scratch/cwicly-rebuild/cwicly/core/includes/classes/class-setup.php on line 894
[18-Mar-2026 01:47:13 UTC] PHP Parse error:  syntax error, unexpected token "public" in /home/gideon/.gemini/antigravity/scratch/cwicly-rebuild/cwicly/core/includes/classes/class-setup.php on line 894
[18-Mar-2026 01:47:13 UTC] PHP Parse error:  syntax error, unexpected token "public" in /home/gideon/.gemini/antigravity/scratch/cwicly-rebuild/cwicly/core/includes/classes/class-setup.php on line 894
[18-Mar-2026 01:47:13 UTC] PHP Parse error:  syntax error, unexpected token "public" in /home/gideon/.gemini/antigravity/scratch/cwicly-rebuild/cwicly/core/includes/classes/class-setup.php on line 894
[18-Mar-2026 01:47:15 UTC] PHP Parse error:  syntax error, unexpected token "public" in /home/gideon/.gemini/antigravity/scratch/cwicly-rebuild/cwicly/core/includes/classes/class-setup.php on line 894
[18-Mar-2026 01:47:17 UTC] PHP Parse error:  syntax error, unexpected token "public" in /home/gideon/.gemini/antigravity/scratch/cwicly-rebuild/cwicly/core/includes/classes/class-setup.php on line 894
[18-Mar-2026 01:47:17 UTC] PHP Parse error:  syntax error, unexpected token "public" in /home/gideon/.gemini/antigravity/scratch/cwicly-rebuild/cwicly/core/includes/classes/class-setup.php on line 894
[18-Mar-2026 01:47:17 UTC] PHP Parse error:  syntax error, unexpected token "public" in /home/gideon/.gemini/antigravity/scratch/cwicly-rebuild/cwicly/core/includes/classes/class-setup.php on line 894
[18-Mar-2026 01:47:19 UTC] PHP Parse error:  syntax error, unexpected token "public" in /home/gideon/.gemini/antigravity/scratch/cwicly-rebuild/cwicly/core/includes/classes/class-setup.php on line 894
[18-Mar-2026 01:47:21 UTC] PHP Parse error:  syntax error, unexpected token "public" in /home/gideon/.gemini/antigravity/scratch/cwicly-rebuild/cwicly/core/includes/classes/class-setup.php on line 894
[18-Mar-2026 01:47:21 UTC] PHP Parse error:  syntax error, unexpected token "public" in /home/gideon/.gemini/antigravity/scratch/cwicly-rebuild/cwicly/core/includes/classes/class-setup.php on line 894
[18-Mar-2026 01:47:22 UTC] PHP Parse error:  syntax error, unexpected token "public" in /home/gideon/.gemini/antigravity/scratch/cwicly-rebuild/cwicly/core/includes/classes/class-setup.php on line 894
[18-Mar-2026 01:47:22 UTC] PHP Parse error:  syntax error, unexpected token "public" in /home/gideon/.gemini/antigravity/scratch/cwicly-rebuild/cwicly/core/includes/classes/class-setup.php on line 894
[18-Mar-2026 01:47:23 UTC] PHP Parse error:  syntax error, unexpected token "public" in /home/gideon/.gemini/antigravity/scratch/cwicly-rebuild/cwicly/core/includes/classes/class-setup.php on line 894
[18-Mar-2026 01:47:23 UTC] PHP Parse error:  syntax error, unexpected token "public" in /home/gideon/.gemini/antigravity/scratch/cwicly-rebuild/cwicly/core/includes/classes/class-setup.php on line 894
[18-Mar-2026 01:47:23 UTC] PHP Parse error:  syntax error, unexpected token "public" in /home/gideon/.gemini/antigravity/scratch/cwicly-rebuild/cwicly/core/includes/classes/class-setup.php on line 894
[18-Mar-2026 01:47:25 UTC] PHP Parse error:  syntax error, unexpected token "public" in /home/gideon/.gemini/antigravity/scratch/cwicly-rebuild/cwicly/core/includes/classes/class-setup.php on line 894
[18-Mar-2026 01:47:27 UTC] PHP Parse error:  syntax error, unexpected token "public" in /home/gideon/.gemini/antigravity/scratch/cwicly-rebuild/cwicly/core/includes/classes/class-setup.php on line 894
[18-Mar-2026 01:47:27 UTC] PHP Parse error:  syntax error, unexpected token "public" in /home/gideon/.gemini/antigravity/scratch/cwicly-rebuild/cwicly/core/includes/classes/class-setup.php on line 894
[18-Mar-2026 01:47:27 UTC] PHP Parse error:  syntax error, unexpected token "public" in /home/gideon/.gemini/antigravity/scratch/cwicly-rebuild/cwicly/core/includes/classes/class-setup.php on line 894
[18-Mar-2026 01:47:29 UTC] PHP Parse error:  syntax error, unexpected token "public" in /home/gideon/.gemini/antigravity/scratch/cwicly-rebuild/cwicly/core/includes/classes/class-setup.php on line 894
[18-Mar-2026 01:47:31 UTC] PHP Parse error:  syntax error, unexpected token "public" in /home/gideon/.gemini/antigravity/scratch/cwicly-rebuild/cwicly/core/includes/classes/class-setup.php on line 894
[18-Mar-2026 01:47:31 UTC] PHP Parse error:  syntax error, unexpected token "public" in /home/gideon/.gemini/antigravity/scratch/cwicly-rebuild/cwicly/core/includes/classes/class-setup.php on line 894
[18-Mar-2026 01:47:31 UTC] PHP Parse error:  syntax error, unexpected token "public" in /home/gideon/.gemini/antigravity/scratch/cwicly-rebuild/cwicly/core/includes/classes/class-setup.php on line 894
[18-Mar-2026 01:47:32 UTC] PHP Parse error:  syntax error, unexpected token "public" in /home/gideon/.gemini/antigravity/scratch/cwicly-rebuild/cwicly/core/includes/classes/class-setup.php on line 894
[18-Mar-2026 01:47:32 UTC] PHP Parse error:  syntax error, unexpected token "public" in /home/gideon/.gemini/antigravity/scratch/cwicly-rebuild/cwicly/core/includes/classes/class-setup.php on line 894
[18-Mar-2026 01:47:33 UTC] PHP Parse error:  syntax error, unexpected token "public" in /home/gideon/.gemini/antigravity/scratch/cwicly-rebuild/cwicly/core/includes/classes/class-setup.php on line 894
[18-Mar-2026 01:47:33 UTC] PHP Parse error:  syntax error, unexpected token "public" in /home/gideon/.gemini/antigravity/scratch/cwicly-rebuild/cwicly/core/includes/classes/class-setup.php on line 894
[18-Mar-2026 01:47:33 UTC] PHP Parse error:  syntax error, unexpected token "public" in /home/gideon/.gemini/antigravity/scratch/cwicly-rebuild/cwicly/core/includes/classes/class-setup.php on line 894
[18-Mar-2026 01:47:35 UTC] PHP Parse error:  syntax error, unexpected token "public" in /home/gideon/.gemini/antigravity/scratch/cwicly-rebuild/cwicly/core/includes/classes/class-setup.php on line 894
[18-Mar-2026 01:47:37 UTC] PHP Parse error:  syntax error, unexpected token "public" in /home/gideon/.gemini/antigravity/scratch/cwicly-rebuild/cwicly/core/includes/classes/class-setup.php on line 894
[18-Mar-2026 01:47:37 UTC] PHP Parse error:  syntax error, unexpected token "public" in /home/gideon/.gemini/antigravity/scratch/cwicly-rebuild/cwicly/core/includes/classes/class-setup.php on line 894
[18-Mar-2026 01:47:37 UTC] PHP Parse error:  syntax error, unexpected token "public" in /home/gideon/.gemini/antigravity/scratch/cwicly-rebuild/cwicly/core/includes/classes/class-setup.php on line 894
[18-Mar-2026 01:47:39 UTC] PHP Parse error:  syntax error, unexpected token "public" in /home/gideon/.gemini/antigravity/scratch/cwicly-rebuild/cwicly/core/includes/classes/class-setup.php on line 894
[18-Mar-2026 01:47:41 UTC] PHP Parse error:  syntax error, unexpected token "public" in /home/gideon/.gemini/antigravity/scratch/cwicly-rebuild/cwicly/core/includes/classes/class-setup.php on line 894
[18-Mar-2026 01:47:41 UTC] PHP Parse error:  syntax error, unexpected token "public" in /home/gideon/.gemini/antigravity/scratch/cwicly-rebuild/cwicly/core/includes/classes/class-setup.php on line 894
[18-Mar-2026 01:47:41 UTC] PHP Parse error:  syntax error, unexpected token "public" in /home/gideon/.gemini/antigravity/scratch/cwicly-rebuild/cwicly/core/includes/classes/class-setup.php on line 894
[18-Mar-2026 01:47:42 UTC] PHP Parse error:  syntax error, unexpected token "public" in /home/gideon/.gemini/antigravity/scratch/cwicly-rebuild/cwicly/core/includes/classes/class-setup.php on line 894
[18-Mar-2026 01:47:42 UTC] PHP Parse error:  syntax error, unexpected token "public" in /home/gideon/.gemini/antigravity/scratch/cwicly-rebuild/cwicly/core/includes/classes/class-setup.php on line 894
[18-Mar-2026 01:47:43 UTC] PHP Parse error:  syntax error, unexpected token "public" in /home/gideon/.gemini/antigravity/scratch/cwicly-rebuild/cwicly/core/includes/classes/class-setup.php on line 894
[18-Mar-2026 01:47:43 UTC] PHP Parse error:  syntax error, unexpected token "public" in /home/gideon/.gemini/antigravity/scratch/cwicly-rebuild/cwicly/core/includes/classes/class-setup.php on line 894
[18-Mar-2026 01:47:43 UTC] PHP Parse error:  syntax error, unexpected token "public" in /home/gideon/.gemini/antigravity/scratch/cwicly-rebuild/cwicly/core/includes/classes/class-setup.php on line 894
[18-Mar-2026 01:47:45 UTC] PHP Parse error:  syntax error, unexpected token "public" in /home/gideon/.gemini/antigravity/scratch/cwicly-rebuild/cwicly/core/includes/classes/class-setup.php on line 894
[18-Mar-2026 01:47:47 UTC] PHP Parse error:  syntax error, unexpected token "public" in /home/gideon/.gemini/antigravity/scratch/cwicly-rebuild/cwicly/core/includes/classes/class-setup.php on line 894
[18-Mar-2026 01:47:47 UTC] PHP Parse error:  syntax error, unexpected token "public" in /home/gideon/.gemini/antigravity/scratch/cwicly-rebuild/cwicly/core/includes/classes/class-setup.php on line 894
[18-Mar-2026 01:47:47 UTC] PHP Parse error:  syntax error, unexpected token "public" in /home/gideon/.gemini/antigravity/scratch/cwicly-rebuild/cwicly/core/includes/classes/class-setup.php on line 894
[18-Mar-2026 01:47:49 UTC] PHP Parse error:  syntax error, unexpected token "public" in /home/gideon/.gemini/antigravity/scratch/cwicly-rebuild/cwicly/core/includes/classes/class-setup.php on line 894
[18-Mar-2026 01:47:51 UTC] PHP Parse error:  syntax error, unexpected token "public" in /home/gideon/.gemini/antigravity/scratch/cwicly-rebuild/cwicly/core/includes/classes/class-setup.php on line 894
[18-Mar-2026 01:47:51 UTC] PHP Parse error:  syntax error, unexpected token "public" in /home/gideon/.gemini/antigravity/scratch/cwicly-rebuild/cwicly/core/includes/classes/class-setup.php on line 894
[18-Mar-2026 01:47:52 UTC] PHP Parse error:  syntax error, unexpected token "public" in /home/gideon/.gemini/antigravity/scratch/cwicly-rebuild/cwicly/core/includes/classes/class-setup.php on line 894
[18-Mar-2026 01:47:52 UTC] PHP Parse error:  syntax error, unexpected token "public" in /home/gideon/.gemini/antigravity/scratch/cwicly-rebuild/cwicly/core/includes/classes/class-setup.php on line 894
[18-Mar-2026 01:47:53 UTC] PHP Parse error:  syntax error, unexpected token "public" in /home/gideon/.gemini/antigravity/scratch/cwicly-rebuild/cwicly/core/includes/classes/class-setup.php on line 894
[18-Mar-2026 01:47:53 UTC] PHP Parse error:  syntax error, unexpected token "public" in /home/gideon/.gemini/antigravity/scratch/cwicly-rebuild/cwicly/core/includes/classes/class-setup.php on line 894
[18-Mar-2026 01:47:53 UTC] PHP Parse error:  syntax error, unexpected token "public" in /home/gideon/.gemini/antigravity/scratch/cwicly-rebuild/cwicly/core/includes/classes/class-setup.php on line 894
[18-Mar-2026 01:47:55 UTC] PHP Parse error:  syntax error, unexpected token "public" in /home/gideon/.gemini/antigravity/scratch/cwicly-rebuild/cwicly/core/includes/classes/class-setup.php on line 894
[18-Mar-2026 01:47:57 UTC] PHP Parse error:  syntax error, unexpected token "public" in /home/gideon/.gemini/antigravity/scratch/cwicly-rebuild/cwicly/core/includes/classes/class-setup.php on line 894
[18-Mar-2026 01:47:57 UTC] PHP Parse error:  syntax error, unexpected token "public" in /home/gideon/.gemini/antigravity/scratch/cwicly-rebuild/cwicly/core/includes/classes/class-setup.php on line 894
[18-Mar-2026 01:47:57 UTC] PHP Parse error:  syntax error, unexpected token "public" in /home/gideon/.gemini/antigravity/scratch/cwicly-rebuild/cwicly/core/includes/classes/class-setup.php on line 894
[18-Mar-2026 01:47:59 UTC] PHP Parse error:  syntax error, unexpected token "public" in /home/gideon/.gemini/antigravity/scratch/cwicly-rebuild/cwicly/core/includes/classes/class-setup.php on line 894
[18-Mar-2026 01:48:01 UTC] PHP Parse error:  syntax error, unexpected token "public" in /home/gideon/.gemini/antigravity/scratch/cwicly-rebuild/cwicly/core/includes/classes/class-setup.php on line 894
[18-Mar-2026 01:48:01 UTC] PHP Parse error:  syntax error, unexpected token "public" in /home/gideon/.gemini/antigravity/scratch/cwicly-rebuild/cwicly/core/includes/classes/class-setup.php on line 894
[18-Mar-2026 01:48:02 UTC] PHP Parse error:  syntax error, unexpected token "public" in /home/gideon/.gemini/antigravity/scratch/cwicly-rebuild/cwicly/core/includes/classes/class-setup.php on line 894
[18-Mar-2026 01:48:02 UTC] PHP Parse error:  syntax error, unexpected token "public" in /home/gideon/.gemini/antigravity/scratch/cwicly-rebuild/cwicly/core/includes/classes/class-setup.php on line 894
[18-Mar-2026 01:48:02 UTC] PHP Parse error:  syntax error, unexpected token "public" in /home/gideon/.gemini/antigravity/scratch/cwicly-rebuild/cwicly/core/includes/classes/class-setup.php on line 894
[18-Mar-2026 01:48:03 UTC] PHP Parse error:  syntax error, unexpected token "public" in /home/gideon/.gemini/antigravity/scratch/cwicly-rebuild/cwicly/core/includes/classes/class-setup.php on line 894
[18-Mar-2026 01:48:03 UTC] PHP Parse error:  syntax error, unexpected token "public" in /home/gideon/.gemini/antigravity/scratch/cwicly-rebuild/cwicly/core/includes/classes/class-setup.php on line 894
[18-Mar-2026 01:48:03 UTC] PHP Parse error:  syntax error, unexpected token "public" in /home/gideon/.gemini/antigravity/scratch/cwicly-rebuild/cwicly/core/includes/classes/class-setup.php on line 894
[18-Mar-2026 01:48:05 UTC] PHP Parse error:  syntax error, unexpected token "public" in /home/gideon/.gemini/antigravity/scratch/cwicly-rebuild/cwicly/core/includes/classes/class-setup.php on line 894
[18-Mar-2026 01:48:07 UTC] PHP Parse error:  syntax error, unexpected token "public" in /home/gideon/.gemini/antigravity/scratch/cwicly-rebuild/cwicly/core/includes/classes/class-setup.php on line 894
[18-Mar-2026 01:48:07 UTC] PHP Parse error:  syntax error, unexpected token "public" in /home/gideon/.gemini/antigravity/scratch/cwicly-rebuild/cwicly/core/includes/classes/class-setup.php on line 894
[18-Mar-2026 01:48:07 UTC] PHP Parse error:  syntax error, unexpected token "public" in /home/gideon/.gemini/antigravity/scratch/cwicly-rebuild/cwicly/core/includes/classes/class-setup.php on line 894
[18-Mar-2026 01:48:09 UTC] PHP Parse error:  syntax error, unexpected token "public" in /home/gideon/.gemini/antigravity/scratch/cwicly-rebuild/cwicly/core/includes/classes/class-setup.php on line 894
[18-Mar-2026 01:48:11 UTC] PHP Parse error:  syntax error, unexpected token "public" in /home/gideon/.gemini/antigravity/scratch/cwicly-rebuild/cwicly/core/includes/classes/class-setup.php on line 894
[18-Mar-2026 01:48:11 UTC] PHP Parse error:  syntax error, unexpected token "public" in /home/gideon/.gemini/antigravity/scratch/cwicly-rebuild/cwicly/core/includes/classes/class-setup.php on line 894
[18-Mar-2026 01:48:12 UTC] PHP Parse error:  syntax error, unexpected token "public" in /home/gideon/.gemini/antigravity/scratch/cwicly-rebuild/cwicly/core/includes/classes/class-setup.php on line 894
[18-Mar-2026 01:48:12 UTC] PHP Parse error:  syntax error, unexpected token "public" in /home/gideon/.gemini/antigravity/scratch/cwicly-rebuild/cwicly/core/includes/classes/class-setup.php on line 894
[18-Mar-2026 01:48:13 UTC] PHP Parse error:  syntax error, unexpected token "public" in /home/gideon/.gemini/antigravity/scratch/cwicly-rebuild/cwicly/core/includes/classes/class-setup.php on line 894
[18-Mar-2026 01:48:13 UTC] PHP Parse error:  syntax error, unexpected token "public" in /home/gideon/.gemini/antigravity/scratch/cwicly-rebuild/cwicly/core/includes/classes/class-setup.php on line 894
[18-Mar-2026 01:48:13 UTC] PHP Parse error:  syntax error, unexpected token "public" in /home/gideon/.gemini/antigravity/scratch/cwicly-rebuild/cwicly/core/includes/classes/class-setup.php on line 894
[18-Mar-2026 01:48:15 UTC] PHP Parse error:  syntax error, unexpected token "public" in /home/gideon/.gemini/antigravity/scratch/cwicly-rebuild/cwicly/core/includes/classes/class-setup.php on line 894
[18-Mar-2026 01:48:17 UTC] PHP Parse error:  syntax error, unexpected token "public" in /home/gideon/.gemini/antigravity/scratch/cwicly-rebuild/cwicly/core/includes/classes/class-setup.php on line 894
[18-Mar-2026 01:48:17 UTC] PHP Parse error:  syntax error, unexpected token "public" in /home/gideon/.gemini/antigravity/scratch/cwicly-rebuild/cwicly/core/includes/classes/class-setup.php on line 894
[18-Mar-2026 01:48:17 UTC] PHP Parse error:  syntax error, unexpected token "public" in /home/gideon/.gemini/antigravity/scratch/cwicly-rebuild/cwicly/core/includes/classes/class-setup.php on line 894
[18-Mar-2026 01:48:19 UTC] PHP Parse error:  syntax error, unexpected token "public" in /home/gideon/.gemini/antigravity/scratch/cwicly-rebuild/cwicly/core/includes/classes/class-setup.php on line 894
[18-Mar-2026 01:48:21 UTC] PHP Parse error:  syntax error, unexpected token "public" in /home/gideon/.gemini/antigravity/scratch/cwicly-rebuild/cwicly/core/includes/classes/class-setup.php on line 894
[18-Mar-2026 01:48:21 UTC] PHP Parse error:  syntax error, unexpected token "public" in /home/gideon/.gemini/antigravity/scratch/cwicly-rebuild/cwicly/core/includes/classes/class-setup.php on line 894
[18-Mar-2026 01:48:22 UTC] PHP Parse error:  syntax error, unexpected token "public" in /home/gideon/.gemini/antigravity/scratch/cwicly-rebuild/cwicly/core/includes/classes/class-setup.php on line 894
[18-Mar-2026 01:48:22 UTC] PHP Parse error:  syntax error, unexpected token "public" in /home/gideon/.gemini/antigravity/scratch/cwicly-rebuild/cwicly/core/includes/classes/class-setup.php on line 894
[18-Mar-2026 01:48:23 UTC] PHP Parse error:  syntax error, unexpected token "public" in /home/gideon/.gemini/antigravity/scratch/cwicly-rebuild/cwicly/core/includes/classes/class-setup.php on line 894
[18-Mar-2026 01:48:23 UTC] PHP Parse error:  syntax error, unexpected token "public" in /home/gideon/.gemini/antigravity/scratch/cwicly-rebuild/cwicly/core/includes/classes/class-setup.php on line 894
[18-Mar-2026 01:48:23 UTC] PHP Parse error:  syntax error, unexpected token "public" in /home/gideon/.gemini/antigravity/scratch/cwicly-rebuild/cwicly/core/includes/classes/class-setup.php on line 894
[18-Mar-2026 01:48:25 UTC] PHP Parse error:  syntax error, unexpected token "public" in /home/gideon/.gemini/antigravity/scratch/cwicly-rebuild/cwicly/core/includes/classes/class-setup.php on line 894
[18-Mar-2026 01:48:27 UTC] PHP Parse error:  syntax error, unexpected token "public" in /home/gideon/.gemini/antigravity/scratch/cwicly-rebuild/cwicly/core/includes/classes/class-setup.php on line 894
[18-Mar-2026 01:48:27 UTC] PHP Parse error:  syntax error, unexpected token "public" in /home/gideon/.gemini/antigravity/scratch/cwicly-rebuild/cwicly/core/includes/classes/class-setup.php on line 894
[18-Mar-2026 01:48:27 UTC] PHP Parse error:  syntax error, unexpected token "public" in /home/gideon/.gemini/antigravity/scratch/cwicly-rebuild/cwicly/core/includes/classes/class-setup.php on line 894
[18-Mar-2026 01:48:29 UTC] PHP Parse error:  syntax error, unexpected token "public" in /home/gideon/.gemini/antigravity/scratch/cwicly-rebuild/cwicly/core/includes/classes/class-setup.php on line 894
[18-Mar-2026 01:48:31 UTC] PHP Parse error:  syntax error, unexpected token "public" in /home/gideon/.gemini/antigravity/scratch/cwicly-rebuild/cwicly/core/includes/classes/class-setup.php on line 894
[18-Mar-2026 01:48:31 UTC] PHP Parse error:  syntax error, unexpected token "public" in /home/gideon/.gemini/antigravity/scratch/cwicly-rebuild/cwicly/core/includes/classes/class-setup.php on line 894
[18-Mar-2026 01:48:31 UTC] PHP Parse error:  syntax error, unexpected token "public" in /home/gideon/.gemini/antigravity/scratch/cwicly-rebuild/cwicly/core/includes/classes/class-setup.php on line 894
[18-Mar-2026 01:48:32 UTC] PHP Parse error:  syntax error, unexpected token "public" in /home/gideon/.gemini/antigravity/scratch/cwicly-rebuild/cwicly/core/includes/classes/class-setup.php on line 894
[18-Mar-2026 01:48:32 UTC] PHP Parse error:  syntax error, unexpected token "public" in /home/gideon/.gemini/antigravity/scratch/cwicly-rebuild/cwicly/core/includes/classes/class-setup.php on line 894
[18-Mar-2026 01:48:33 UTC] PHP Parse error:  syntax error, unexpected token "public" in /home/gideon/.gemini/antigravity/scratch/cwicly-rebuild/cwicly/core/includes/classes/class-setup.php on line 894
[18-Mar-2026 01:48:33 UTC] PHP Parse error:  syntax error, unexpected token "public" in /home/gideon/.gemini/antigravity/scratch/cwicly-rebuild/cwicly/core/includes/classes/class-setup.php on line 894
[18-Mar-2026 01:48:34 UTC] PHP Parse error:  syntax error, unexpected token "public" in /home/gideon/.gemini/antigravity/scratch/cwicly-rebuild/cwicly/core/includes/classes/class-setup.php on line 894
[18-Mar-2026 01:48:35 UTC] PHP Parse error:  syntax error, unexpected token "public" in /home/gideon/.gemini/antigravity/scratch/cwicly-rebuild/cwicly/core/includes/classes/class-setup.php on line 894
[18-Mar-2026 01:48:37 UTC] PHP Parse error:  syntax error, unexpected token "public" in /home/gideon/.gemini/antigravity/scratch/cwicly-rebuild/cwicly/core/includes/classes/class-setup.php on line 894
[18-Mar-2026 01:48:37 UTC] PHP Parse error:  syntax error, unexpected token "public" in /home/gideon/.gemini/antigravity/scratch/cwicly-rebuild/cwicly/core/includes/classes/class-setup.php on line 894
[18-Mar-2026 01:48:37 UTC] PHP Parse error:  syntax error, unexpected token "public" in /home/gideon/.gemini/antigravity/scratch/cwicly-rebuild/cwicly/core/includes/classes/class-setup.php on line 894
[18-Mar-2026 01:48:39 UTC] PHP Parse error:  syntax error, unexpected token "public" in /home/gideon/.gemini/antigravity/scratch/cwicly-rebuild/cwicly/core/includes/classes/class-setup.php on line 894
[18-Mar-2026 01:48:41 UTC] PHP Parse error:  syntax error, unexpected token "public" in /home/gideon/.gemini/antigravity/scratch/cwicly-rebuild/cwicly/core/includes/classes/class-setup.php on line 894
[18-Mar-2026 01:48:41 UTC] PHP Parse error:  syntax error, unexpected token "public" in /home/gideon/.gemini/antigravity/scratch/cwicly-rebuild/cwicly/core/includes/classes/class-setup.php on line 894
[18-Mar-2026 01:48:41 UTC] PHP Parse error:  syntax error, unexpected token "public" in /home/gideon/.gemini/antigravity/scratch/cwicly-rebuild/cwicly/core/includes/classes/class-setup.php on line 894
[18-Mar-2026 01:48:42 UTC] PHP Parse error:  syntax error, unexpected token "public" in /home/gideon/.gemini/antigravity/scratch/cwicly-rebuild/cwicly/core/includes/classes/class-setup.php on line 894
[18-Mar-2026 01:48:42 UTC] PHP Parse error:  syntax error, unexpected token "public" in /home/gideon/.gemini/antigravity/scratch/cwicly-rebuild/cwicly/core/includes/classes/class-setup.php on line 894
[18-Mar-2026 01:48:43 UTC] PHP Parse error:  syntax error, unexpected token "public" in /home/gideon/.gemini/antigravity/scratch/cwicly-rebuild/cwicly/core/includes/classes/class-setup.php on line 894
[18-Mar-2026 01:48:43 UTC] PHP Parse error:  syntax error, unexpected token "public" in /home/gideon/.gemini/antigravity/scratch/cwicly-rebuild/cwicly/core/includes/classes/class-setup.php on line 894
[18-Mar-2026 01:48:43 UTC] PHP Parse error:  syntax error, unexpected token "public" in /home/gideon/.gemini/antigravity/scratch/cwicly-rebuild/cwicly/core/includes/classes/class-setup.php on line 894
[18-Mar-2026 01:48:45 UTC] PHP Parse error:  syntax error, unexpected token "public" in /home/gideon/.gemini/antigravity/scratch/cwicly-rebuild/cwicly/core/includes/classes/class-setup.php on line 894
[18-Mar-2026 01:48:47 UTC] PHP Parse error:  syntax error, unexpected token "public" in /home/gideon/.gemini/antigravity/scratch/cwicly-rebuild/cwicly/core/includes/classes/class-setup.php on line 894
[18-Mar-2026 01:48:47 UTC] PHP Parse error:  syntax error, unexpected token "public" in /home/gideon/.gemini/antigravity/scratch/cwicly-rebuild/cwicly/core/includes/classes/class-setup.php on line 894
[18-Mar-2026 01:48:47 UTC] PHP Parse error:  syntax error, unexpected token "public" in /home/gideon/.gemini/antigravity/scratch/cwicly-rebuild/cwicly/core/includes/classes/class-setup.php on line 894
[18-Mar-2026 01:48:49 UTC] PHP Parse error:  syntax error, unexpected token "public" in /home/gideon/.gemini/antigravity/scratch/cwicly-rebuild/cwicly/core/includes/classes/class-setup.php on line 894
[18-Mar-2026 01:48:51 UTC] PHP Parse error:  syntax error, unexpected token "public" in /home/gideon/.gemini/antigravity/scratch/cwicly-rebuild/cwicly/core/includes/classes/class-setup.php on line 894
[18-Mar-2026 01:48:51 UTC] PHP Parse error:  syntax error, unexpected token "public" in /home/gideon/.gemini/antigravity/scratch/cwicly-rebuild/cwicly/core/includes/classes/class-setup.php on line 894
[18-Mar-2026 01:48:52 UTC] PHP Parse error:  syntax error, unexpected token "public" in /home/gideon/.gemini/antigravity/scratch/cwicly-rebuild/cwicly/core/includes/classes/class-setup.php on line 894
[18-Mar-2026 01:48:52 UTC] PHP Parse error:  syntax error, unexpected token "public" in /home/gideon/.gemini/antigravity/scratch/cwicly-rebuild/cwicly/core/includes/classes/class-setup.php on line 894
[18-Mar-2026 01:48:53 UTC] PHP Parse error:  syntax error, unexpected token "public" in /home/gideon/.gemini/antigravity/scratch/cwicly-rebuild/cwicly/core/includes/classes/class-setup.php on line 894
[18-Mar-2026 01:48:53 UTC] PHP Parse error:  syntax error, unexpected token "public" in /home/gideon/.gemini/antigravity/scratch/cwicly-rebuild/cwicly/core/includes/classes/class-setup.php on line 894
[18-Mar-2026 01:48:53 UTC] PHP Parse error:  syntax error, unexpected token "public" in /home/gideon/.gemini/antigravity/scratch/cwicly-rebuild/cwicly/core/includes/classes/class-setup.php on line 894
[18-Mar-2026 01:48:55 UTC] PHP Parse error:  syntax error, unexpected token "public" in /home/gideon/.gemini/antigravity/scratch/cwicly-rebuild/cwicly/core/includes/classes/class-setup.php on line 894
[18-Mar-2026 01:48:57 UTC] PHP Parse error:  syntax error, unexpected token "public" in /home/gideon/.gemini/antigravity/scratch/cwicly-rebuild/cwicly/core/includes/classes/class-setup.php on line 894
[18-Mar-2026 01:48:57 UTC] PHP Parse error:  syntax error, unexpected token "public" in /home/gideon/.gemini/antigravity/scratch/cwicly-rebuild/cwicly/core/includes/classes/class-setup.php on line 894
[18-Mar-2026 01:48:57 UTC] PHP Parse error:  syntax error, unexpected token "public" in /home/gideon/.gemini/antigravity/scratch/cwicly-rebuild/cwicly/core/includes/classes/class-setup.php on line 894
[18-Mar-2026 01:48:59 UTC] PHP Parse error:  syntax error, unexpected token "public" in /home/gideon/.gemini/antigravity/scratch/cwicly-rebuild/cwicly/core/includes/classes/class-setup.php on line 894
[18-Mar-2026 01:49:01 UTC] PHP Parse error:  syntax error, unexpected token "public" in /home/gideon/.gemini/antigravity/scratch/cwicly-rebuild/cwicly/core/includes/classes/class-setup.php on line 894
[18-Mar-2026 01:49:01 UTC] PHP Parse error:  syntax error, unexpected token "public" in /home/gideon/.gemini/antigravity/scratch/cwicly-rebuild/cwicly/core/includes/classes/class-setup.php on line 894
[18-Mar-2026 01:49:02 UTC] PHP Parse error:  syntax error, unexpected token "public" in /home/gideon/.gemini/antigravity/scratch/cwicly-rebuild/cwicly/core/includes/classes/class-setup.php on line 894
[18-Mar-2026 01:49:02 UTC] PHP Parse error:  syntax error, unexpected token "public" in /home/gideon/.gemini/antigravity/scratch/cwicly-rebuild/cwicly/core/includes/classes/class-setup.php on line 894
[18-Mar-2026 01:49:03 UTC] PHP Parse error:  syntax error, unexpected token "public" in /home/gideon/.gemini/antigravity/scratch/cwicly-rebuild/cwicly/core/includes/classes/class-setup.php on line 894
[18-Mar-2026 01:49:03 UTC] PHP Parse error:  syntax error, unexpected token "public" in /home/gideon/.gemini/antigravity/scratch/cwicly-rebuild/cwicly/core/includes/classes/class-setup.php on line 894
[18-Mar-2026 01:49:03 UTC] PHP Parse error:  syntax error, unexpected token "public" in /home/gideon/.gemini/antigravity/scratch/cwicly-rebuild/cwicly/core/includes/classes/class-setup.php on line 894
[18-Mar-2026 01:49:05 UTC] PHP Parse error:  syntax error, unexpected token "public" in /home/gideon/.gemini/antigravity/scratch/cwicly-rebuild/cwicly/core/includes/classes/class-setup.php on line 894
[18-Mar-2026 01:49:07 UTC] PHP Parse error:  syntax error, unexpected token "public" in /home/gideon/.gemini/antigravity/scratch/cwicly-rebuild/cwicly/core/includes/classes/class-setup.php on line 894
[18-Mar-2026 01:49:07 UTC] PHP Parse error:  syntax error, unexpected token "public" in /home/gideon/.gemini/antigravity/scratch/cwicly-rebuild/cwicly/core/includes/classes/class-setup.php on line 894
[18-Mar-2026 01:49:07 UTC] PHP Parse error:  syntax error, unexpected token "public" in /home/gideon/.gemini/antigravity/scratch/cwicly-rebuild/cwicly/core/includes/classes/class-setup.php on line 894
[18-Mar-2026 01:49:09 UTC] PHP Parse error:  syntax error, unexpected token "public" in /home/gideon/.gemini/antigravity/scratch/cwicly-rebuild/cwicly/core/includes/classes/class-setup.php on line 894
[18-Mar-2026 01:49:11 UTC] PHP Parse error:  syntax error, unexpected token "public" in /home/gideon/.gemini/antigravity/scratch/cwicly-rebuild/cwicly/core/includes/classes/class-setup.php on line 894
[18-Mar-2026 01:49:11 UTC] PHP Parse error:  syntax error, unexpected token "public" in /home/gideon/.gemini/antigravity/scratch/cwicly-rebuild/cwicly/core/includes/classes/class-setup.php on line 894
[18-Mar-2026 01:49:12 UTC] PHP Parse error:  syntax error, unexpected token "public" in /home/gideon/.gemini/antigravity/scratch/cwicly-rebuild/cwicly/core/includes/classes/class-setup.php on line 894
[18-Mar-2026 01:49:12 UTC] PHP Parse error:  syntax error, unexpected token "public" in /home/gideon/.gemini/antigravity/scratch/cwicly-rebuild/cwicly/core/includes/classes/class-setup.php on line 894
[18-Mar-2026 01:49:13 UTC] PHP Parse error:  syntax error, unexpected token "public" in /home/gideon/.gemini/antigravity/scratch/cwicly-rebuild/cwicly/core/includes/classes/class-setup.php on line 894
[18-Mar-2026 01:49:13 UTC] PHP Parse error:  syntax error, unexpected token "public" in /home/gideon/.gemini/antigravity/scratch/cwicly-rebuild/cwicly/core/includes/classes/class-setup.php on line 894
[18-Mar-2026 01:49:13 UTC] PHP Parse error:  syntax error, unexpected token "public" in /home/gideon/.gemini/antigravity/scratch/cwicly-rebuild/cwicly/core/includes/classes/class-setup.php on line 894
[18-Mar-2026 01:49:15 UTC] PHP Parse error:  syntax error, unexpected token "public" in /home/gideon/.gemini/antigravity/scratch/cwicly-rebuild/cwicly/core/includes/classes/class-setup.php on line 894
[18-Mar-2026 01:49:17 UTC] PHP Parse error:  syntax error, unexpected token "public" in /home/gideon/.gemini/antigravity/scratch/cwicly-rebuild/cwicly/core/includes/classes/class-setup.php on line 894
[18-Mar-2026 01:49:17 UTC] PHP Parse error:  syntax error, unexpected token "public" in /home/gideon/.gemini/antigravity/scratch/cwicly-rebuild/cwicly/core/includes/classes/class-setup.php on line 894
[18-Mar-2026 01:49:17 UTC] PHP Parse error:  syntax error, unexpected token "public" in /home/gideon/.gemini/antigravity/scratch/cwicly-rebuild/cwicly/core/includes/classes/class-setup.php on line 894
[18-Mar-2026 01:49:19 UTC] PHP Parse error:  syntax error, unexpected token "public" in /home/gideon/.gemini/antigravity/scratch/cwicly-rebuild/cwicly/core/includes/classes/class-setup.php on line 894
[18-Mar-2026 01:49:21 UTC] PHP Parse error:  syntax error, unexpected token "public" in /home/gideon/.gemini/antigravity/scratch/cwicly-rebuild/cwicly/core/includes/classes/class-setup.php on line 894
[18-Mar-2026 01:49:21 UTC] PHP Parse error:  syntax error, unexpected token "public" in /home/gideon/.gemini/antigravity/scratch/cwicly-rebuild/cwicly/core/includes/classes/class-setup.php on line 894
[18-Mar-2026 01:49:22 UTC] PHP Parse error:  syntax error, unexpected token "public" in /home/gideon/.gemini/antigravity/scratch/cwicly-rebuild/cwicly/core/includes/classes/class-setup.php on line 894
[18-Mar-2026 01:49:22 UTC] PHP Parse error:  syntax error, unexpected token "public" in /home/gideon/.gemini/antigravity/scratch/cwicly-rebuild/cwicly/core/includes/classes/class-setup.php on line 894
[18-Mar-2026 01:49:23 UTC] PHP Parse error:  syntax error, unexpected token "public" in /home/gideon/.gemini/antigravity/scratch/cwicly-rebuild/cwicly/core/includes/classes/class-setup.php on line 894
[18-Mar-2026 01:49:23 UTC] PHP Parse error:  syntax error, unexpected token "public" in /home/gideon/.gemini/antigravity/scratch/cwicly-rebuild/cwicly/core/includes/classes/class-setup.php on line 894
[18-Mar-2026 01:49:23 UTC] PHP Parse error:  syntax error, unexpected token "public" in /home/gideon/.gemini/antigravity/scratch/cwicly-rebuild/cwicly/core/includes/classes/class-setup.php on line 894
[18-Mar-2026 01:49:25 UTC] PHP Parse error:  syntax error, unexpected token "public" in /home/gideon/.gemini/antigravity/scratch/cwicly-rebuild/cwicly/core/includes/classes/class-setup.php on line 894
[18-Mar-2026 01:49:27 UTC] PHP Parse error:  syntax error, unexpected token "public" in /home/gideon/.gemini/antigravity/scratch/cwicly-rebuild/cwicly/core/includes/classes/class-setup.php on line 894
[18-Mar-2026 01:49:27 UTC] PHP Parse error:  syntax error, unexpected token "public" in /home/gideon/.gemini/antigravity/scratch/cwicly-rebuild/cwicly/core/includes/classes/class-setup.php on line 894
[18-Mar-2026 01:49:27 UTC] PHP Parse error:  syntax error, unexpected token "public" in /home/gideon/.gemini/antigravity/scratch/cwicly-rebuild/cwicly/core/includes/classes/class-setup.php on line 894
[18-Mar-2026 01:49:29 UTC] PHP Parse error:  syntax error, unexpected token "public" in /home/gideon/.gemini/antigravity/scratch/cwicly-rebuild/cwicly/core/includes/classes/class-setup.php on line 894
[18-Mar-2026 01:49:31 UTC] PHP Parse error:  syntax error, unexpected token "public" in /home/gideon/.gemini/antigravity/scratch/cwicly-rebuild/cwicly/core/includes/classes/class-setup.php on line 894
[18-Mar-2026 01:49:31 UTC] PHP Parse error:  syntax error, unexpected token "public" in /home/gideon/.gemini/antigravity/scratch/cwicly-rebuild/cwicly/core/includes/classes/class-setup.php on line 894
[18-Mar-2026 01:49:31 UTC] PHP Parse error:  syntax error, unexpected token "public" in /home/gideon/.gemini/antigravity/scratch/cwicly-rebuild/cwicly/core/includes/classes/class-setup.php on line 894
[18-Mar-2026 01:49:32 UTC] PHP Parse error:  syntax error, unexpected token "public" in /home/gideon/.gemini/antigravity/scratch/cwicly-rebuild/cwicly/core/includes/classes/class-setup.php on line 894
[18-Mar-2026 01:49:32 UTC] PHP Parse error:  syntax error, unexpected token "public" in /home/gideon/.gemini/antigravity/scratch/cwicly-rebuild/cwicly/core/includes/classes/class-setup.php on line 894
[18-Mar-2026 01:49:33 UTC] PHP Parse error:  syntax error, unexpected token "public" in /home/gideon/.gemini/antigravity/scratch/cwicly-rebuild/cwicly/core/includes/classes/class-setup.php on line 894
[18-Mar-2026 01:49:33 UTC] PHP Parse error:  syntax error, unexpected token "public" in /home/gideon/.gemini/antigravity/scratch/cwicly-rebuild/cwicly/core/includes/classes/class-setup.php on line 894
[18-Mar-2026 01:49:34 UTC] PHP Parse error:  syntax error, unexpected token "public" in /home/gideon/.gemini/antigravity/scratch/cwicly-rebuild/cwicly/core/includes/classes/class-setup.php on line 894
[18-Mar-2026 01:49:35 UTC] PHP Parse error:  syntax error, unexpected token "public" in /home/gideon/.gemini/antigravity/scratch/cwicly-rebuild/cwicly/core/includes/classes/class-setup.php on line 894
[18-Mar-2026 01:49:37 UTC] PHP Parse error:  syntax error, unexpected token "public" in /home/gideon/.gemini/antigravity/scratch/cwicly-rebuild/cwicly/core/includes/classes/class-setup.php on line 894
[18-Mar-2026 01:49:37 UTC] PHP Parse error:  syntax error, unexpected token "public" in /home/gideon/.gemini/antigravity/scratch/cwicly-rebuild/cwicly/core/includes/classes/class-setup.php on line 894
[18-Mar-2026 01:49:37 UTC] PHP Parse error:  syntax error, unexpected token "public" in /home/gideon/.gemini/antigravity/scratch/cwicly-rebuild/cwicly/core/includes/classes/class-setup.php on line 894
[18-Mar-2026 01:49:39 UTC] PHP Parse error:  syntax error, unexpected token "public" in /home/gideon/.gemini/antigravity/scratch/cwicly-rebuild/cwicly/core/includes/classes/class-setup.php on line 894
[18-Mar-2026 01:49:41 UTC] PHP Parse error:  syntax error, unexpected token "public" in /home/gideon/.gemini/antigravity/scratch/cwicly-rebuild/cwicly/core/includes/classes/class-setup.php on line 894
[18-Mar-2026 01:49:41 UTC] PHP Parse error:  syntax error, unexpected token "public" in /home/gideon/.gemini/antigravity/scratch/cwicly-rebuild/cwicly/core/includes/classes/class-setup.php on line 894
[18-Mar-2026 01:49:41 UTC] PHP Parse error:  syntax error, unexpected token "public" in /home/gideon/.gemini/antigravity/scratch/cwicly-rebuild/cwicly/core/includes/classes/class-setup.php on line 894
[18-Mar-2026 01:49:42 UTC] PHP Parse error:  syntax error, unexpected token "public" in /home/gideon/.gemini/antigravity/scratch/cwicly-rebuild/cwicly/core/includes/classes/class-setup.php on line 894
[18-Mar-2026 01:49:42 UTC] PHP Parse error:  syntax error, unexpected token "public" in /home/gideon/.gemini/antigravity/scratch/cwicly-rebuild/cwicly/core/includes/classes/class-setup.php on line 894
[18-Mar-2026 01:49:43 UTC] PHP Parse error:  syntax error, unexpected token "public" in /home/gideon/.gemini/antigravity/scratch/cwicly-rebuild/cwicly/core/includes/classes/class-setup.php on line 894
[18-Mar-2026 01:49:43 UTC] PHP Parse error:  syntax error, unexpected token "public" in /home/gideon/.gemini/antigravity/scratch/cwicly-rebuild/cwicly/core/includes/classes/class-setup.php on line 894
[18-Mar-2026 01:49:43 UTC] PHP Parse error:  syntax error, unexpected token "public" in /home/gideon/.gemini/antigravity/scratch/cwicly-rebuild/cwicly/core/includes/classes/class-setup.php on line 894
[18-Mar-2026 01:49:45 UTC] PHP Parse error:  syntax error, unexpected token "public" in /home/gideon/.gemini/antigravity/scratch/cwicly-rebuild/cwicly/core/includes/classes/class-setup.php on line 894
[18-Mar-2026 01:49:47 UTC] PHP Parse error:  syntax error, unexpected token "public" in /home/gideon/.gemini/antigravity/scratch/cwicly-rebuild/cwicly/core/includes/classes/class-setup.php on line 894
[18-Mar-2026 01:49:47 UTC] PHP Parse error:  syntax error, unexpected token "public" in /home/gideon/.gemini/antigravity/scratch/cwicly-rebuild/cwicly/core/includes/classes/class-setup.php on line 894
[18-Mar-2026 01:49:47 UTC] PHP Parse error:  syntax error, unexpected token "public" in /home/gideon/.gemini/antigravity/scratch/cwicly-rebuild/cwicly/core/includes/classes/class-setup.php on line 894
[18-Mar-2026 01:49:49 UTC] PHP Parse error:  syntax error, unexpected token "public" in /home/gideon/.gemini/antigravity/scratch/cwicly-rebuild/cwicly/core/includes/classes/class-setup.php on line 894
[18-Mar-2026 01:49:51 UTC] PHP Parse error:  syntax error, unexpected token "public" in /home/gideon/.gemini/antigravity/scratch/cwicly-rebuild/cwicly/core/includes/classes/class-setup.php on line 894
[18-Mar-2026 01:49:51 UTC] PHP Parse error:  syntax error, unexpected token "public" in /home/gideon/.gemini/antigravity/scratch/cwicly-rebuild/cwicly/core/includes/classes/class-setup.php on line 894
[18-Mar-2026 01:49:52 UTC] PHP Parse error:  syntax error, unexpected token "public" in /home/gideon/.gemini/antigravity/scratch/cwicly-rebuild/cwicly/core/includes/classes/class-setup.php on line 894
[18-Mar-2026 01:49:52 UTC] PHP Parse error:  syntax error, unexpected token "public" in /home/gideon/.gemini/antigravity/scratch/cwicly-rebuild/cwicly/core/includes/classes/class-setup.php on line 894
[18-Mar-2026 01:49:53 UTC] PHP Parse error:  syntax error, unexpected token "public" in /home/gideon/.gemini/antigravity/scratch/cwicly-rebuild/cwicly/core/includes/classes/class-setup.php on line 894
[18-Mar-2026 01:49:53 UTC] PHP Parse error:  syntax error, unexpected token "public" in /home/gideon/.gemini/antigravity/scratch/cwicly-rebuild/cwicly/core/includes/classes/class-setup.php on line 894
[18-Mar-2026 01:49:53 UTC] PHP Parse error:  syntax error, unexpected token "public" in /home/gideon/.gemini/antigravity/scratch/cwicly-rebuild/cwicly/core/includes/classes/class-setup.php on line 894
[18-Mar-2026 01:49:55 UTC] PHP Parse error:  syntax error, unexpected token "public" in /home/gideon/.gemini/antigravity/scratch/cwicly-rebuild/cwicly/core/includes/classes/class-setup.php on line 894
[18-Mar-2026 01:49:57 UTC] PHP Parse error:  syntax error, unexpected token "public" in /home/gideon/.gemini/antigravity/scratch/cwicly-rebuild/cwicly/core/includes/classes/class-setup.php on line 894
[18-Mar-2026 01:49:57 UTC] PHP Parse error:  syntax error, unexpected token "public" in /home/gideon/.gemini/antigravity/scratch/cwicly-rebuild/cwicly/core/includes/classes/class-setup.php on line 894
[18-Mar-2026 01:49:57 UTC] PHP Parse error:  syntax error, unexpected token "public" in /home/gideon/.gemini/antigravity/scratch/cwicly-rebuild/cwicly/core/includes/classes/class-setup.php on line 894
[18-Mar-2026 01:49:59 UTC] PHP Parse error:  syntax error, unexpected token "public" in /home/gideon/.gemini/antigravity/scratch/cwicly-rebuild/cwicly/core/includes/classes/class-setup.php on line 894
[18-Mar-2026 01:50:01 UTC] PHP Parse error:  syntax error, unexpected token "public" in /home/gideon/.gemini/antigravity/scratch/cwicly-rebuild/cwicly/core/includes/classes/class-setup.php on line 894
[18-Mar-2026 01:50:01 UTC] PHP Parse error:  syntax error, unexpected token "public" in /home/gideon/.gemini/antigravity/scratch/cwicly-rebuild/cwicly/core/includes/classes/class-setup.php on line 894
[18-Mar-2026 01:50:02 UTC] PHP Parse error:  syntax error, unexpected token "public" in /home/gideon/.gemini/antigravity/scratch/cwicly-rebuild/cwicly/core/includes/classes/class-setup.php on line 894
[18-Mar-2026 01:50:02 UTC] PHP Parse error:  syntax error, unexpected token "public" in /home/gideon/.gemini/antigravity/scratch/cwicly-rebuild/cwicly/core/includes/classes/class-setup.php on line 894
[18-Mar-2026 01:50:03 UTC] PHP Parse error:  syntax error, unexpected token "public" in /home/gideon/.gemini/antigravity/scratch/cwicly-rebuild/cwicly/core/includes/classes/class-setup.php on line 894
[18-Mar-2026 01:50:03 UTC] PHP Parse error:  syntax error, unexpected token "public" in /home/gideon/.gemini/antigravity/scratch/cwicly-rebuild/cwicly/core/includes/classes/class-setup.php on line 894
[18-Mar-2026 01:50:03 UTC] PHP Parse error:  syntax error, unexpected token "public" in /home/gideon/.gemini/antigravity/scratch/cwicly-rebuild/cwicly/core/includes/classes/class-setup.php on line 894
[18-Mar-2026 01:50:05 UTC] PHP Parse error:  syntax error, unexpected token "public" in /home/gideon/.gemini/antigravity/scratch/cwicly-rebuild/cwicly/core/includes/classes/class-setup.php on line 894
[18-Mar-2026 01:50:07 UTC] PHP Parse error:  syntax error, unexpected token "public" in /home/gideon/.gemini/antigravity/scratch/cwicly-rebuild/cwicly/core/includes/classes/class-setup.php on line 894
[18-Mar-2026 01:50:07 UTC] PHP Parse error:  syntax error, unexpected token "public" in /home/gideon/.gemini/antigravity/scratch/cwicly-rebuild/cwicly/core/includes/classes/class-setup.php on line 894
[18-Mar-2026 01:50:07 UTC] PHP Parse error:  syntax error, unexpected token "public" in /home/gideon/.gemini/antigravity/scratch/cwicly-rebuild/cwicly/core/includes/classes/class-setup.php on line 894
[18-Mar-2026 01:50:09 UTC] PHP Parse error:  syntax error, unexpected token "public" in /home/gideon/.gemini/antigravity/scratch/cwicly-rebuild/cwicly/core/includes/classes/class-setup.php on line 894
[18-Mar-2026 01:50:11 UTC] PHP Parse error:  syntax error, unexpected token "public" in /home/gideon/.gemini/antigravity/scratch/cwicly-rebuild/cwicly/core/includes/classes/class-setup.php on line 894
[18-Mar-2026 01:50:11 UTC] PHP Parse error:  syntax error, unexpected token "public" in /home/gideon/.gemini/antigravity/scratch/cwicly-rebuild/cwicly/core/includes/classes/class-setup.php on line 894
[18-Mar-2026 01:50:12 UTC] PHP Parse error:  syntax error, unexpected token "public" in /home/gideon/.gemini/antigravity/scratch/cwicly-rebuild/cwicly/core/includes/classes/class-setup.php on line 894
[18-Mar-2026 01:50:12 UTC] PHP Parse error:  syntax error, unexpected token "public" in /home/gideon/.gemini/antigravity/scratch/cwicly-rebuild/cwicly/core/includes/classes/class-setup.php on line 894
[18-Mar-2026 01:50:13 UTC] PHP Parse error:  syntax error, unexpected token "public" in /home/gideon/.gemini/antigravity/scratch/cwicly-rebuild/cwicly/core/includes/classes/class-setup.php on line 894
[18-Mar-2026 01:50:13 UTC] PHP Parse error:  syntax error, unexpected token "public" in /home/gideon/.gemini/antigravity/scratch/cwicly-rebuild/cwicly/core/includes/classes/class-setup.php on line 894
[18-Mar-2026 01:50:13 UTC] PHP Parse error:  syntax error, unexpected token "public" in /home/gideon/.gemini/antigravity/scratch/cwicly-rebuild/cwicly/core/includes/classes/class-setup.php on line 894
[18-Mar-2026 01:50:15 UTC] PHP Parse error:  syntax error, unexpected token "public" in /home/gideon/.gemini/antigravity/scratch/cwicly-rebuild/cwicly/core/includes/classes/class-setup.php on line 894
[18-Mar-2026 01:50:17 UTC] PHP Parse error:  syntax error, unexpected token "public" in /home/gideon/.gemini/antigravity/scratch/cwicly-rebuild/cwicly/core/includes/classes/class-setup.php on line 894
[18-Mar-2026 01:50:17 UTC] PHP Parse error:  syntax error, unexpected token "public" in /home/gideon/.gemini/antigravity/scratch/cwicly-rebuild/cwicly/core/includes/classes/class-setup.php on line 894
[18-Mar-2026 01:50:17 UTC] PHP Parse error:  syntax error, unexpected token "public" in /home/gideon/.gemini/antigravity/scratch/cwicly-rebuild/cwicly/core/includes/classes/class-setup.php on line 894
[18-Mar-2026 01:50:19 UTC] PHP Parse error:  syntax error, unexpected token "public" in /home/gideon/.gemini/antigravity/scratch/cwicly-rebuild/cwicly/core/includes/classes/class-setup.php on line 894
[18-Mar-2026 01:50:21 UTC] PHP Parse error:  syntax error, unexpected token "public" in /home/gideon/.gemini/antigravity/scratch/cwicly-rebuild/cwicly/core/includes/classes/class-setup.php on line 894
[18-Mar-2026 01:50:21 UTC] PHP Parse error:  syntax error, unexpected token "public" in /home/gideon/.gemini/antigravity/scratch/cwicly-rebuild/cwicly/core/includes/classes/class-setup.php on line 894
[18-Mar-2026 01:50:22 UTC] PHP Parse error:  syntax error, unexpected token "public" in /home/gideon/.gemini/antigravity/scratch/cwicly-rebuild/cwicly/core/includes/classes/class-setup.php on line 894
[18-Mar-2026 01:50:22 UTC] PHP Parse error:  syntax error, unexpected token "public" in /home/gideon/.gemini/antigravity/scratch/cwicly-rebuild/cwicly/core/includes/classes/class-setup.php on line 894
[18-Mar-2026 01:50:23 UTC] PHP Parse error:  syntax error, unexpected token "public" in /home/gideon/.gemini/antigravity/scratch/cwicly-rebuild/cwicly/core/includes/classes/class-setup.php on line 894
[18-Mar-2026 01:50:23 UTC] PHP Parse error:  syntax error, unexpected token "public" in /home/gideon/.gemini/antigravity/scratch/cwicly-rebuild/cwicly/core/includes/classes/class-setup.php on line 894
[18-Mar-2026 01:50:24 UTC] PHP Parse error:  syntax error, unexpected token "public" in /home/gideon/.gemini/antigravity/scratch/cwicly-rebuild/cwicly/core/includes/classes/class-setup.php on line 894
[18-Mar-2026 01:50:25 UTC] PHP Parse error:  syntax error, unexpected token "public" in /home/gideon/.gemini/antigravity/scratch/cwicly-rebuild/cwicly/core/includes/classes/class-setup.php on line 894
[18-Mar-2026 01:50:27 UTC] PHP Parse error:  syntax error, unexpected token "public" in /home/gideon/.gemini/antigravity/scratch/cwicly-rebuild/cwicly/core/includes/classes/class-setup.php on line 894
[18-Mar-2026 01:50:27 UTC] PHP Parse error:  syntax error, unexpected token "public" in /home/gideon/.gemini/antigravity/scratch/cwicly-rebuild/cwicly/core/includes/classes/class-setup.php on line 894
[18-Mar-2026 01:50:27 UTC] PHP Parse error:  syntax error, unexpected token "public" in /home/gideon/.gemini/antigravity/scratch/cwicly-rebuild/cwicly/core/includes/classes/class-setup.php on line 894
[18-Mar-2026 01:50:29 UTC] PHP Parse error:  syntax error, unexpected token "public" in /home/gideon/.gemini/antigravity/scratch/cwicly-rebuild/cwicly/core/includes/classes/class-setup.php on line 894
[18-Mar-2026 01:50:29 UTC] PHP Parse error:  syntax error, unexpected token "public" in /home/gideon/.gemini/antigravity/scratch/cwicly-rebuild/cwicly/core/includes/classes/class-setup.php on line 894
[18-Mar-2026 01:50:31 UTC] PHP Parse error:  syntax error, unexpected token "public" in /home/gideon/.gemini/antigravity/scratch/cwicly-rebuild/cwicly/core/includes/classes/class-setup.php on line 894
[18-Mar-2026 01:50:31 UTC] PHP Parse error:  syntax error, unexpected token "public" in /home/gideon/.gemini/antigravity/scratch/cwicly-rebuild/cwicly/core/includes/classes/class-setup.php on line 894
[18-Mar-2026 01:50:31 UTC] PHP Parse error:  syntax error, unexpected token "public" in /home/gideon/.gemini/antigravity/scratch/cwicly-rebuild/cwicly/core/includes/classes/class-setup.php on line 894
[18-Mar-2026 01:50:32 UTC] PHP Parse error:  syntax error, unexpected token "public" in /home/gideon/.gemini/antigravity/scratch/cwicly-rebuild/cwicly/core/includes/classes/class-setup.php on line 894
[18-Mar-2026 01:50:32 UTC] PHP Parse error:  syntax error, unexpected token "public" in /home/gideon/.gemini/antigravity/scratch/cwicly-rebuild/cwicly/core/includes/classes/class-setup.php on line 894
[18-Mar-2026 01:50:33 UTC] PHP Parse error:  syntax error, unexpected token "public" in /home/gideon/.gemini/antigravity/scratch/cwicly-rebuild/cwicly/core/includes/classes/class-setup.php on line 894
[18-Mar-2026 01:50:33 UTC] PHP Parse error:  syntax error, unexpected token "public" in /home/gideon/.gemini/antigravity/scratch/cwicly-rebuild/cwicly/core/includes/classes/class-setup.php on line 894
[18-Mar-2026 01:50:33 UTC] PHP Parse error:  syntax error, unexpected token "public" in /home/gideon/.gemini/antigravity/scratch/cwicly-rebuild/cwicly/core/includes/classes/class-setup.php on line 894
[18-Mar-2026 01:50:35 UTC] PHP Parse error:  syntax error, unexpected token "public" in /home/gideon/.gemini/antigravity/scratch/cwicly-rebuild/cwicly/core/includes/classes/class-setup.php on line 894
[18-Mar-2026 01:50:37 UTC] PHP Parse error:  syntax error, unexpected token "public" in /home/gideon/.gemini/antigravity/scratch/cwicly-rebuild/cwicly/core/includes/classes/class-setup.php on line 894
[18-Mar-2026 01:50:37 UTC] PHP Parse error:  syntax error, unexpected token "public" in /home/gideon/.gemini/antigravity/scratch/cwicly-rebuild/cwicly/core/includes/classes/class-setup.php on line 894
[18-Mar-2026 01:50:37 UTC] PHP Parse error:  syntax error, unexpected token "public" in /home/gideon/.gemini/antigravity/scratch/cwicly-rebuild/cwicly/core/includes/classes/class-setup.php on line 894
[18-Mar-2026 01:50:39 UTC] PHP Parse error:  syntax error, unexpected token "public" in /home/gideon/.gemini/antigravity/scratch/cwicly-rebuild/cwicly/core/includes/classes/class-setup.php on line 894
[18-Mar-2026 01:50:41 UTC] PHP Parse error:  syntax error, unexpected token "public" in /home/gideon/.gemini/antigravity/scratch/cwicly-rebuild/cwicly/core/includes/classes/class-setup.php on line 894
[18-Mar-2026 01:50:41 UTC] PHP Parse error:  syntax error, unexpected token "public" in /home/gideon/.gemini/antigravity/scratch/cwicly-rebuild/cwicly/core/includes/classes/class-setup.php on line 894
[18-Mar-2026 01:50:41 UTC] PHP Parse error:  syntax error, unexpected token "public" in /home/gideon/.gemini/antigravity/scratch/cwicly-rebuild/cwicly/core/includes/classes/class-setup.php on line 894
[18-Mar-2026 01:50:42 UTC] PHP Parse error:  syntax error, unexpected token "public" in /home/gideon/.gemini/antigravity/scratch/cwicly-rebuild/cwicly/core/includes/classes/class-setup.php on line 894
[18-Mar-2026 01:50:42 UTC] PHP Parse error:  syntax error, unexpected token "public" in /home/gideon/.gemini/antigravity/scratch/cwicly-rebuild/cwicly/core/includes/classes/class-setup.php on line 894
[18-Mar-2026 01:50:43 UTC] PHP Parse error:  syntax error, unexpected token "public" in /home/gideon/.gemini/antigravity/scratch/cwicly-rebuild/cwicly/core/includes/classes/class-setup.php on line 894
[18-Mar-2026 01:50:43 UTC] PHP Parse error:  syntax error, unexpected token "public" in /home/gideon/.gemini/antigravity/scratch/cwicly-rebuild/cwicly/core/includes/classes/class-setup.php on line 894
[18-Mar-2026 01:50:43 UTC] PHP Parse error:  syntax error, unexpected token "public" in /home/gideon/.gemini/antigravity/scratch/cwicly-rebuild/cwicly/core/includes/classes/class-setup.php on line 894
[18-Mar-2026 01:50:45 UTC] PHP Parse error:  syntax error, unexpected token "public" in /home/gideon/.gemini/antigravity/scratch/cwicly-rebuild/cwicly/core/includes/classes/class-setup.php on line 894
[18-Mar-2026 01:50:47 UTC] PHP Parse error:  syntax error, unexpected token "public" in /home/gideon/.gemini/antigravity/scratch/cwicly-rebuild/cwicly/core/includes/classes/class-setup.php on line 894
[18-Mar-2026 01:50:47 UTC] PHP Parse error:  syntax error, unexpected token "public" in /home/gideon/.gemini/antigravity/scratch/cwicly-rebuild/cwicly/core/includes/classes/class-setup.php on line 894
[18-Mar-2026 01:50:47 UTC] PHP Parse error:  syntax error, unexpected token "public" in /home/gideon/.gemini/antigravity/scratch/cwicly-rebuild/cwicly/core/includes/classes/class-setup.php on line 894
[18-Mar-2026 01:50:49 UTC] PHP Parse error:  syntax error, unexpected token "public" in /home/gideon/.gemini/antigravity/scratch/cwicly-rebuild/cwicly/core/includes/classes/class-setup.php on line 894
[18-Mar-2026 01:50:51 UTC] PHP Parse error:  syntax error, unexpected token "public" in /home/gideon/.gemini/antigravity/scratch/cwicly-rebuild/cwicly/core/includes/classes/class-setup.php on line 894
[18-Mar-2026 01:50:51 UTC] PHP Parse error:  syntax error, unexpected token "public" in /home/gideon/.gemini/antigravity/scratch/cwicly-rebuild/cwicly/core/includes/classes/class-setup.php on line 894
[18-Mar-2026 01:50:52 UTC] PHP Parse error:  syntax error, unexpected token "public" in /home/gideon/.gemini/antigravity/scratch/cwicly-rebuild/cwicly/core/includes/classes/class-setup.php on line 894
[18-Mar-2026 01:50:52 UTC] PHP Parse error:  syntax error, unexpected token "public" in /home/gideon/.gemini/antigravity/scratch/cwicly-rebuild/cwicly/core/includes/classes/class-setup.php on line 894
[18-Mar-2026 01:50:53 UTC] PHP Parse error:  syntax error, unexpected token "public" in /home/gideon/.gemini/antigravity/scratch/cwicly-rebuild/cwicly/core/includes/classes/class-setup.php on line 894
[18-Mar-2026 01:50:53 UTC] PHP Parse error:  syntax error, unexpected token "public" in /home/gideon/.gemini/antigravity/scratch/cwicly-rebuild/cwicly/core/includes/classes/class-setup.php on line 894
[18-Mar-2026 01:50:54 UTC] PHP Parse error:  syntax error, unexpected token "public" in /home/gideon/.gemini/antigravity/scratch/cwicly-rebuild/cwicly/core/includes/classes/class-setup.php on line 894
[18-Mar-2026 01:50:55 UTC] PHP Parse error:  syntax error, unexpected token "public" in /home/gideon/.gemini/antigravity/scratch/cwicly-rebuild/cwicly/core/includes/classes/class-setup.php on line 894
[18-Mar-2026 01:50:57 UTC] PHP Parse error:  syntax error, unexpected token "public" in /home/gideon/.gemini/antigravity/scratch/cwicly-rebuild/cwicly/core/includes/classes/class-setup.php on line 894
[18-Mar-2026 01:50:57 UTC] PHP Parse error:  syntax error, unexpected token "public" in /home/gideon/.gemini/antigravity/scratch/cwicly-rebuild/cwicly/core/includes/classes/class-setup.php on line 894
[18-Mar-2026 01:50:57 UTC] PHP Parse error:  syntax error, unexpected token "public" in /home/gideon/.gemini/antigravity/scratch/cwicly-rebuild/cwicly/core/includes/classes/class-setup.php on line 894
[18-Mar-2026 01:50:59 UTC] PHP Parse error:  syntax error, unexpected token "public" in /home/gideon/.gemini/antigravity/scratch/cwicly-rebuild/cwicly/core/includes/classes/class-setup.php on line 894
[18-Mar-2026 01:51:01 UTC] PHP Parse error:  syntax error, unexpected token "public" in /home/gideon/.gemini/antigravity/scratch/cwicly-rebuild/cwicly/core/includes/classes/class-setup.php on line 894
[18-Mar-2026 01:51:01 UTC] PHP Parse error:  syntax error, unexpected token "public" in /home/gideon/.gemini/antigravity/scratch/cwicly-rebuild/cwicly/core/includes/classes/class-setup.php on line 894
[18-Mar-2026 01:51:02 UTC] PHP Parse error:  syntax error, unexpected token "public" in /home/gideon/.gemini/antigravity/scratch/cwicly-rebuild/cwicly/core/includes/classes/class-setup.php on line 894
[18-Mar-2026 01:51:02 UTC] PHP Parse error:  syntax error, unexpected token "public" in /home/gideon/.gemini/antigravity/scratch/cwicly-rebuild/cwicly/core/includes/classes/class-setup.php on line 894
[18-Mar-2026 01:51:03 UTC] PHP Parse error:  syntax error, unexpected token "public" in /home/gideon/.gemini/antigravity/scratch/cwicly-rebuild/cwicly/core/includes/classes/class-setup.php on line 894
[18-Mar-2026 01:51:03 UTC] PHP Parse error:  syntax error, unexpected token "public" in /home/gideon/.gemini/antigravity/scratch/cwicly-rebuild/cwicly/core/includes/classes/class-setup.php on line 894
[18-Mar-2026 01:51:04 UTC] PHP Parse error:  syntax error, unexpected token "public" in /home/gideon/.gemini/antigravity/scratch/cwicly-rebuild/cwicly/core/includes/classes/class-setup.php on line 894
[18-Mar-2026 01:51:05 UTC] PHP Parse error:  syntax error, unexpected token "public" in /home/gideon/.gemini/antigravity/scratch/cwicly-rebuild/cwicly/core/includes/classes/class-setup.php on line 894
[18-Mar-2026 01:51:07 UTC] PHP Parse error:  syntax error, unexpected token "public" in /home/gideon/.gemini/antigravity/scratch/cwicly-rebuild/cwicly/core/includes/classes/class-setup.php on line 894
[18-Mar-2026 01:51:07 UTC] PHP Parse error:  syntax error, unexpected token "public" in /home/gideon/.gemini/antigravity/scratch/cwicly-rebuild/cwicly/core/includes/classes/class-setup.php on line 894
[18-Mar-2026 01:51:07 UTC] PHP Parse error:  syntax error, unexpected token "public" in /home/gideon/.gemini/antigravity/scratch/cwicly-rebuild/cwicly/core/includes/classes/class-setup.php on line 894
[18-Mar-2026 01:51:09 UTC] PHP Parse error:  syntax error, unexpected token "public" in /home/gideon/.gemini/antigravity/scratch/cwicly-rebuild/cwicly/core/includes/classes/class-setup.php on line 894
[18-Mar-2026 01:51:11 UTC] PHP Parse error:  syntax error, unexpected token "public" in /home/gideon/.gemini/antigravity/scratch/cwicly-rebuild/cwicly/core/includes/classes/class-setup.php on line 894
[18-Mar-2026 01:51:11 UTC] PHP Parse error:  syntax error, unexpected token "public" in /home/gideon/.gemini/antigravity/scratch/cwicly-rebuild/cwicly/core/includes/classes/class-setup.php on line 894
[18-Mar-2026 01:51:12 UTC] PHP Parse error:  syntax error, unexpected token "public" in /home/gideon/.gemini/antigravity/scratch/cwicly-rebuild/cwicly/core/includes/classes/class-setup.php on line 894
[18-Mar-2026 01:51:12 UTC] PHP Parse error:  syntax error, unexpected token "public" in /home/gideon/.gemini/antigravity/scratch/cwicly-rebuild/cwicly/core/includes/classes/class-setup.php on line 894
[18-Mar-2026 01:51:13 UTC] PHP Parse error:  syntax error, unexpected token "public" in /home/gideon/.gemini/antigravity/scratch/cwicly-rebuild/cwicly/core/includes/classes/class-setup.php on line 894
[18-Mar-2026 01:51:13 UTC] PHP Parse error:  syntax error, unexpected token "public" in /home/gideon/.gemini/antigravity/scratch/cwicly-rebuild/cwicly/core/includes/classes/class-setup.php on line 894
[18-Mar-2026 01:51:14 UTC] PHP Parse error:  syntax error, unexpected token "public" in /home/gideon/.gemini/antigravity/scratch/cwicly-rebuild/cwicly/core/includes/classes/class-setup.php on line 894
[18-Mar-2026 01:51:15 UTC] PHP Parse error:  syntax error, unexpected token "public" in /home/gideon/.gemini/antigravity/scratch/cwicly-rebuild/cwicly/core/includes/classes/class-setup.php on line 894
[18-Mar-2026 01:51:17 UTC] PHP Parse error:  syntax error, unexpected token "public" in /home/gideon/.gemini/antigravity/scratch/cwicly-rebuild/cwicly/core/includes/classes/class-setup.php on line 894
[18-Mar-2026 01:51:17 UTC] PHP Parse error:  syntax error, unexpected token "public" in /home/gideon/.gemini/antigravity/scratch/cwicly-rebuild/cwicly/core/includes/classes/class-setup.php on line 894
[18-Mar-2026 01:51:17 UTC] PHP Parse error:  syntax error, unexpected token "public" in /home/gideon/.gemini/antigravity/scratch/cwicly-rebuild/cwicly/core/includes/classes/class-setup.php on line 894
[18-Mar-2026 01:51:19 UTC] PHP Parse error:  syntax error, unexpected token "public" in /home/gideon/.gemini/antigravity/scratch/cwicly-rebuild/cwicly/core/includes/classes/class-setup.php on line 894
[18-Mar-2026 01:51:21 UTC] PHP Parse error:  syntax error, unexpected token "public" in /home/gideon/.gemini/antigravity/scratch/cwicly-rebuild/cwicly/core/includes/classes/class-setup.php on line 894
[18-Mar-2026 01:51:21 UTC] PHP Parse error:  syntax error, unexpected token "public" in /home/gideon/.gemini/antigravity/scratch/cwicly-rebuild/cwicly/core/includes/classes/class-setup.php on line 894
[18-Mar-2026 01:51:22 UTC] PHP Parse error:  syntax error, unexpected token "public" in /home/gideon/.gemini/antigravity/scratch/cwicly-rebuild/cwicly/core/includes/classes/class-setup.php on line 894
[18-Mar-2026 01:51:22 UTC] PHP Parse error:  syntax error, unexpected token "public" in /home/gideon/.gemini/antigravity/scratch/cwicly-rebuild/cwicly/core/includes/classes/class-setup.php on line 894
[18-Mar-2026 01:51:23 UTC] PHP Parse error:  syntax error, unexpected token "public" in /home/gideon/.gemini/antigravity/scratch/cwicly-rebuild/cwicly/core/includes/classes/class-setup.php on line 894
[18-Mar-2026 01:51:23 UTC] PHP Parse error:  syntax error, unexpected token "public" in /home/gideon/.gemini/antigravity/scratch/cwicly-rebuild/cwicly/core/includes/classes/class-setup.php on line 894
[18-Mar-2026 01:51:24 UTC] PHP Parse error:  syntax error, unexpected token "public" in /home/gideon/.gemini/antigravity/scratch/cwicly-rebuild/cwicly/core/includes/classes/class-setup.php on line 894
[18-Mar-2026 01:51:25 UTC] PHP Parse error:  syntax error, unexpected token "public" in /home/gideon/.gemini/antigravity/scratch/cwicly-rebuild/cwicly/core/includes/classes/class-setup.php on line 894
[18-Mar-2026 01:51:27 UTC] PHP Parse error:  syntax error, unexpected token "public" in /home/gideon/.gemini/antigravity/scratch/cwicly-rebuild/cwicly/core/includes/classes/class-setup.php on line 894
[18-Mar-2026 01:51:27 UTC] PHP Parse error:  syntax error, unexpected token "public" in /home/gideon/.gemini/antigravity/scratch/cwicly-rebuild/cwicly/core/includes/classes/class-setup.php on line 894
[18-Mar-2026 01:51:27 UTC] PHP Parse error:  syntax error, unexpected token "public" in /home/gideon/.gemini/antigravity/scratch/cwicly-rebuild/cwicly/core/includes/classes/class-setup.php on line 894
[18-Mar-2026 01:51:29 UTC] PHP Parse error:  syntax error, unexpected token "public" in /home/gideon/.gemini/antigravity/scratch/cwicly-rebuild/cwicly/core/includes/classes/class-setup.php on line 894
[18-Mar-2026 01:51:31 UTC] PHP Parse error:  syntax error, unexpected token "public" in /home/gideon/.gemini/antigravity/scratch/cwicly-rebuild/cwicly/core/includes/classes/class-setup.php on line 894
[18-Mar-2026 01:51:31 UTC] PHP Parse error:  syntax error, unexpected token "public" in /home/gideon/.gemini/antigravity/scratch/cwicly-rebuild/cwicly/core/includes/classes/class-setup.php on line 894
[18-Mar-2026 01:51:31 UTC] PHP Parse error:  syntax error, unexpected token "public" in /home/gideon/.gemini/antigravity/scratch/cwicly-rebuild/cwicly/core/includes/classes/class-setup.php on line 894
[18-Mar-2026 01:51:32 UTC] PHP Parse error:  syntax error, unexpected token "public" in /home/gideon/.gemini/antigravity/scratch/cwicly-rebuild/cwicly/core/includes/classes/class-setup.php on line 894
[18-Mar-2026 01:51:32 UTC] PHP Parse error:  syntax error, unexpected token "public" in /home/gideon/.gemini/antigravity/scratch/cwicly-rebuild/cwicly/core/includes/classes/class-setup.php on line 894
[18-Mar-2026 01:51:33 UTC] PHP Parse error:  syntax error, unexpected token "public" in /home/gideon/.gemini/antigravity/scratch/cwicly-rebuild/cwicly/core/includes/classes/class-setup.php on line 894
[18-Mar-2026 01:51:33 UTC] PHP Parse error:  syntax error, unexpected token "public" in /home/gideon/.gemini/antigravity/scratch/cwicly-rebuild/cwicly/core/includes/classes/class-setup.php on line 894
[18-Mar-2026 01:51:34 UTC] PHP Parse error:  syntax error, unexpected token "public" in /home/gideon/.gemini/antigravity/scratch/cwicly-rebuild/cwicly/core/includes/classes/class-setup.php on line 894
[18-Mar-2026 01:51:35 UTC] PHP Parse error:  syntax error, unexpected token "public" in /home/gideon/.gemini/antigravity/scratch/cwicly-rebuild/cwicly/core/includes/classes/class-setup.php on line 894
[18-Mar-2026 01:51:37 UTC] PHP Parse error:  syntax error, unexpected token "public" in /home/gideon/.gemini/antigravity/scratch/cwicly-rebuild/cwicly/core/includes/classes/class-setup.php on line 894
[18-Mar-2026 01:51:37 UTC] PHP Parse error:  syntax error, unexpected token "public" in /home/gideon/.gemini/antigravity/scratch/cwicly-rebuild/cwicly/core/includes/classes/class-setup.php on line 894
[18-Mar-2026 01:51:37 UTC] PHP Parse error:  syntax error, unexpected token "public" in /home/gideon/.gemini/antigravity/scratch/cwicly-rebuild/cwicly/core/includes/classes/class-setup.php on line 894
[18-Mar-2026 01:51:39 UTC] PHP Parse error:  syntax error, unexpected token "public" in /home/gideon/.gemini/antigravity/scratch/cwicly-rebuild/cwicly/core/includes/classes/class-setup.php on line 894
[18-Mar-2026 01:51:41 UTC] PHP Parse error:  syntax error, unexpected token "public" in /home/gideon/.gemini/antigravity/scratch/cwicly-rebuild/cwicly/core/includes/classes/class-setup.php on line 894
[18-Mar-2026 01:51:41 UTC] PHP Parse error:  syntax error, unexpected token "public" in /home/gideon/.gemini/antigravity/scratch/cwicly-rebuild/cwicly/core/includes/classes/class-setup.php on line 894
[18-Mar-2026 01:51:41 UTC] PHP Parse error:  syntax error, unexpected token "public" in /home/gideon/.gemini/antigravity/scratch/cwicly-rebuild/cwicly/core/includes/classes/class-setup.php on line 894
[18-Mar-2026 01:51:42 UTC] PHP Parse error:  syntax error, unexpected token "public" in /home/gideon/.gemini/antigravity/scratch/cwicly-rebuild/cwicly/core/includes/classes/class-setup.php on line 894
[18-Mar-2026 01:51:42 UTC] PHP Parse error:  syntax error, unexpected token "public" in /home/gideon/.gemini/antigravity/scratch/cwicly-rebuild/cwicly/core/includes/classes/class-setup.php on line 894
[18-Mar-2026 01:51:43 UTC] PHP Parse error:  syntax error, unexpected token "public" in /home/gideon/.gemini/antigravity/scratch/cwicly-rebuild/cwicly/core/includes/classes/class-setup.php on line 894
[18-Mar-2026 01:51:43 UTC] PHP Parse error:  syntax error, unexpected token "public" in /home/gideon/.gemini/antigravity/scratch/cwicly-rebuild/cwicly/core/includes/classes/class-setup.php on line 894
[18-Mar-2026 01:51:44 UTC] PHP Parse error:  syntax error, unexpected token "public" in /home/gideon/.gemini/antigravity/scratch/cwicly-rebuild/cwicly/core/includes/classes/class-setup.php on line 894
[18-Mar-2026 01:51:45 UTC] PHP Parse error:  syntax error, unexpected token "public" in /home/gideon/.gemini/antigravity/scratch/cwicly-rebuild/cwicly/core/includes/classes/class-setup.php on line 894
[18-Mar-2026 01:51:47 UTC] PHP Parse error:  syntax error, unexpected token "public" in /home/gideon/.gemini/antigravity/scratch/cwicly-rebuild/cwicly/core/includes/classes/class-setup.php on line 894
[18-Mar-2026 01:51:47 UTC] PHP Parse error:  syntax error, unexpected token "public" in /home/gideon/.gemini/antigravity/scratch/cwicly-rebuild/cwicly/core/includes/classes/class-setup.php on line 894
[18-Mar-2026 01:51:47 UTC] PHP Parse error:  syntax error, unexpected token "public" in /home/gideon/.gemini/antigravity/scratch/cwicly-rebuild/cwicly/core/includes/classes/class-setup.php on line 894
[18-Mar-2026 01:51:49 UTC] PHP Parse error:  syntax error, unexpected token "public" in /home/gideon/.gemini/antigravity/scratch/cwicly-rebuild/cwicly/core/includes/classes/class-setup.php on line 894
[18-Mar-2026 01:51:51 UTC] PHP Parse error:  syntax error, unexpected token "public" in /home/gideon/.gemini/antigravity/scratch/cwicly-rebuild/cwicly/core/includes/classes/class-setup.php on line 894
[18-Mar-2026 01:51:51 UTC] PHP Parse error:  syntax error, unexpected token "public" in /home/gideon/.gemini/antigravity/scratch/cwicly-rebuild/cwicly/core/includes/classes/class-setup.php on line 894
[18-Mar-2026 01:51:52 UTC] PHP Parse error:  syntax error, unexpected token "public" in /home/gideon/.gemini/antigravity/scratch/cwicly-rebuild/cwicly/core/includes/classes/class-setup.php on line 894
[18-Mar-2026 01:51:52 UTC] PHP Parse error:  syntax error, unexpected token "public" in /home/gideon/.gemini/antigravity/scratch/cwicly-rebuild/cwicly/core/includes/classes/class-setup.php on line 894
[18-Mar-2026 01:51:53 UTC] PHP Parse error:  syntax error, unexpected token "public" in /home/gideon/.gemini/antigravity/scratch/cwicly-rebuild/cwicly/core/includes/classes/class-setup.php on line 894
[18-Mar-2026 01:51:53 UTC] PHP Parse error:  syntax error, unexpected token "public" in /home/gideon/.gemini/antigravity/scratch/cwicly-rebuild/cwicly/core/includes/classes/class-setup.php on line 894
[18-Mar-2026 01:51:54 UTC] PHP Parse error:  syntax error, unexpected token "public" in /home/gideon/.gemini/antigravity/scratch/cwicly-rebuild/cwicly/core/includes/classes/class-setup.php on line 894
[18-Mar-2026 01:51:55 UTC] PHP Parse error:  syntax error, unexpected token "public" in /home/gideon/.gemini/antigravity/scratch/cwicly-rebuild/cwicly/core/includes/classes/class-setup.php on line 894
[18-Mar-2026 01:51:57 UTC] PHP Parse error:  syntax error, unexpected token "public" in /home/gideon/.gemini/antigravity/scratch/cwicly-rebuild/cwicly/core/includes/classes/class-setup.php on line 894
[18-Mar-2026 01:51:57 UTC] PHP Parse error:  syntax error, unexpected token "public" in /home/gideon/.gemini/antigravity/scratch/cwicly-rebuild/cwicly/core/includes/classes/class-setup.php on line 894
[18-Mar-2026 01:51:57 UTC] PHP Parse error:  syntax error, unexpected token "public" in /home/gideon/.gemini/antigravity/scratch/cwicly-rebuild/cwicly/core/includes/classes/class-setup.php on line 894
[18-Mar-2026 01:51:59 UTC] PHP Parse error:  syntax error, unexpected token "public" in /home/gideon/.gemini/antigravity/scratch/cwicly-rebuild/cwicly/core/includes/classes/class-setup.php on line 894
[18-Mar-2026 01:52:01 UTC] PHP Parse error:  syntax error, unexpected token "public" in /home/gideon/.gemini/antigravity/scratch/cwicly-rebuild/cwicly/core/includes/classes/class-setup.php on line 894
[18-Mar-2026 01:52:01 UTC] PHP Parse error:  syntax error, unexpected token "public" in /home/gideon/.gemini/antigravity/scratch/cwicly-rebuild/cwicly/core/includes/classes/class-setup.php on line 894
[18-Mar-2026 01:52:02 UTC] PHP Parse error:  syntax error, unexpected token "public" in /home/gideon/.gemini/antigravity/scratch/cwicly-rebuild/cwicly/core/includes/classes/class-setup.php on line 894
[18-Mar-2026 01:52:02 UTC] PHP Parse error:  syntax error, unexpected token "public" in /home/gideon/.gemini/antigravity/scratch/cwicly-rebuild/cwicly/core/includes/classes/class-setup.php on line 894
[18-Mar-2026 01:52:03 UTC] PHP Parse error:  syntax error, unexpected token "public" in /home/gideon/.gemini/antigravity/scratch/cwicly-rebuild/cwicly/core/includes/classes/class-setup.php on line 894
[18-Mar-2026 01:52:03 UTC] PHP Parse error:  syntax error, unexpected token "public" in /home/gideon/.gemini/antigravity/scratch/cwicly-rebuild/cwicly/core/includes/classes/class-setup.php on line 894
[18-Mar-2026 01:52:04 UTC] PHP Parse error:  syntax error, unexpected token "public" in /home/gideon/.gemini/antigravity/scratch/cwicly-rebuild/cwicly/core/includes/classes/class-setup.php on line 894
[18-Mar-2026 01:52:05 UTC] PHP Parse error:  syntax error, unexpected token "public" in /home/gideon/.gemini/antigravity/scratch/cwicly-rebuild/cwicly/core/includes/classes/class-setup.php on line 894
[18-Mar-2026 01:52:07 UTC] PHP Parse error:  syntax error, unexpected token "public" in /home/gideon/.gemini/antigravity/scratch/cwicly-rebuild/cwicly/core/includes/classes/class-setup.php on line 894
[18-Mar-2026 01:52:07 UTC] PHP Parse error:  syntax error, unexpected token "public" in /home/gideon/.gemini/antigravity/scratch/cwicly-rebuild/cwicly/core/includes/classes/class-setup.php on line 894
[18-Mar-2026 01:52:07 UTC] PHP Parse error:  syntax error, unexpected token "public" in /home/gideon/.gemini/antigravity/scratch/cwicly-rebuild/cwicly/core/includes/classes/class-setup.php on line 894
[18-Mar-2026 01:52:09 UTC] PHP Parse error:  syntax error, unexpected token "public" in /home/gideon/.gemini/antigravity/scratch/cwicly-rebuild/cwicly/core/includes/classes/class-setup.php on line 894
[18-Mar-2026 01:52:11 UTC] PHP Parse error:  syntax error, unexpected token "public" in /home/gideon/.gemini/antigravity/scratch/cwicly-rebuild/cwicly/core/includes/classes/class-setup.php on line 894
[18-Mar-2026 01:52:11 UTC] PHP Parse error:  syntax error, unexpected token "public" in /home/gideon/.gemini/antigravity/scratch/cwicly-rebuild/cwicly/core/includes/classes/class-setup.php on line 894
[18-Mar-2026 01:52:12 UTC] PHP Parse error:  syntax error, unexpected token "public" in /home/gideon/.gemini/antigravity/scratch/cwicly-rebuild/cwicly/core/includes/classes/class-setup.php on line 894
[18-Mar-2026 01:52:12 UTC] PHP Parse error:  syntax error, unexpected token "public" in /home/gideon/.gemini/antigravity/scratch/cwicly-rebuild/cwicly/core/includes/classes/class-setup.php on line 894
[18-Mar-2026 01:52:13 UTC] PHP Parse error:  syntax error, unexpected token "public" in /home/gideon/.gemini/antigravity/scratch/cwicly-rebuild/cwicly/core/includes/classes/class-setup.php on line 894
[18-Mar-2026 01:52:13 UTC] PHP Parse error:  syntax error, unexpected token "public" in /home/gideon/.gemini/antigravity/scratch/cwicly-rebuild/cwicly/core/includes/classes/class-setup.php on line 894
[18-Mar-2026 01:52:14 UTC] PHP Parse error:  syntax error, unexpected token "public" in /home/gideon/.gemini/antigravity/scratch/cwicly-rebuild/cwicly/core/includes/classes/class-setup.php on line 894
[18-Mar-2026 01:52:15 UTC] PHP Parse error:  syntax error, unexpected token "public" in /home/gideon/.gemini/antigravity/scratch/cwicly-rebuild/cwicly/core/includes/classes/class-setup.php on line 894
[18-Mar-2026 01:52:17 UTC] PHP Parse error:  syntax error, unexpected token "public" in /home/gideon/.gemini/antigravity/scratch/cwicly-rebuild/cwicly/core/includes/classes/class-setup.php on line 894
[18-Mar-2026 01:52:17 UTC] PHP Parse error:  syntax error, unexpected token "public" in /home/gideon/.gemini/antigravity/scratch/cwicly-rebuild/cwicly/core/includes/classes/class-setup.php on line 894
[18-Mar-2026 01:52:17 UTC] PHP Parse error:  syntax error, unexpected token "public" in /home/gideon/.gemini/antigravity/scratch/cwicly-rebuild/cwicly/core/includes/classes/class-setup.php on line 894
[18-Mar-2026 01:52:19 UTC] PHP Parse error:  syntax error, unexpected token "public" in /home/gideon/.gemini/antigravity/scratch/cwicly-rebuild/cwicly/core/includes/classes/class-setup.php on line 894
[18-Mar-2026 01:52:21 UTC] PHP Parse error:  syntax error, unexpected token "public" in /home/gideon/.gemini/antigravity/scratch/cwicly-rebuild/cwicly/core/includes/classes/class-setup.php on line 894
[18-Mar-2026 01:52:21 UTC] PHP Parse error:  syntax error, unexpected token "public" in /home/gideon/.gemini/antigravity/scratch/cwicly-rebuild/cwicly/core/includes/classes/class-setup.php on line 894
[18-Mar-2026 01:52:22 UTC] PHP Parse error:  syntax error, unexpected token "public" in /home/gideon/.gemini/antigravity/scratch/cwicly-rebuild/cwicly/core/includes/classes/class-setup.php on line 894
[18-Mar-2026 01:52:23 UTC] PHP Parse error:  syntax error, unexpected token "public" in /home/gideon/.gemini/antigravity/scratch/cwicly-rebuild/cwicly/core/includes/classes/class-setup.php on line 894
[18-Mar-2026 01:52:23 UTC] PHP Parse error:  syntax error, unexpected token "public" in /home/gideon/.gemini/antigravity/scratch/cwicly-rebuild/cwicly/core/includes/classes/class-setup.php on line 894
[18-Mar-2026 01:52:23 UTC] PHP Parse error:  syntax error, unexpected token "public" in /home/gideon/.gemini/antigravity/scratch/cwicly-rebuild/cwicly/core/includes/classes/class-setup.php on line 894
[18-Mar-2026 01:52:24 UTC] PHP Parse error:  syntax error, unexpected token "public" in /home/gideon/.gemini/antigravity/scratch/cwicly-rebuild/cwicly/core/includes/classes/class-setup.php on line 894
[18-Mar-2026 01:52:25 UTC] PHP Parse error:  syntax error, unexpected token "public" in /home/gideon/.gemini/antigravity/scratch/cwicly-rebuild/cwicly/core/includes/classes/class-setup.php on line 894
[18-Mar-2026 01:52:27 UTC] PHP Parse error:  syntax error, unexpected token "public" in /home/gideon/.gemini/antigravity/scratch/cwicly-rebuild/cwicly/core/includes/classes/class-setup.php on line 894
[18-Mar-2026 01:52:27 UTC] PHP Parse error:  syntax error, unexpected token "public" in /home/gideon/.gemini/antigravity/scratch/cwicly-rebuild/cwicly/core/includes/classes/class-setup.php on line 894
[18-Mar-2026 01:52:27 UTC] PHP Parse error:  syntax error, unexpected token "public" in /home/gideon/.gemini/antigravity/scratch/cwicly-rebuild/cwicly/core/includes/classes/class-setup.php on line 894
[18-Mar-2026 01:52:29 UTC] PHP Parse error:  syntax error, unexpected token "public" in /home/gideon/.gemini/antigravity/scratch/cwicly-rebuild/cwicly/core/includes/classes/class-setup.php on line 894
[18-Mar-2026 01:52:31 UTC] PHP Parse error:  syntax error, unexpected token "public" in /home/gideon/.gemini/antigravity/scratch/cwicly-rebuild/cwicly/core/includes/classes/class-setup.php on line 894
[18-Mar-2026 01:52:31 UTC] PHP Parse error:  syntax error, unexpected token "public" in /home/gideon/.gemini/antigravity/scratch/cwicly-rebuild/cwicly/core/includes/classes/class-setup.php on line 894
[18-Mar-2026 01:52:31 UTC] PHP Parse error:  syntax error, unexpected token "public" in /home/gideon/.gemini/antigravity/scratch/cwicly-rebuild/cwicly/core/includes/classes/class-setup.php on line 894
[18-Mar-2026 01:52:32 UTC] PHP Parse error:  syntax error, unexpected token "public" in /home/gideon/.gemini/antigravity/scratch/cwicly-rebuild/cwicly/core/includes/classes/class-setup.php on line 894
[18-Mar-2026 01:52:32 UTC] PHP Parse error:  syntax error, unexpected token "public" in /home/gideon/.gemini/antigravity/scratch/cwicly-rebuild/cwicly/core/includes/classes/class-setup.php on line 894
[18-Mar-2026 01:52:33 UTC] PHP Parse error:  syntax error, unexpected token "public" in /home/gideon/.gemini/antigravity/scratch/cwicly-rebuild/cwicly/core/includes/classes/class-setup.php on line 894
[18-Mar-2026 01:52:33 UTC] PHP Parse error:  syntax error, unexpected token "public" in /home/gideon/.gemini/antigravity/scratch/cwicly-rebuild/cwicly/core/includes/classes/class-setup.php on line 894
[18-Mar-2026 01:52:34 UTC] PHP Parse error:  syntax error, unexpected token "public" in /home/gideon/.gemini/antigravity/scratch/cwicly-rebuild/cwicly/core/includes/classes/class-setup.php on line 894
[18-Mar-2026 01:52:35 UTC] PHP Parse error:  syntax error, unexpected token "public" in /home/gideon/.gemini/antigravity/scratch/cwicly-rebuild/cwicly/core/includes/classes/class-setup.php on line 894
[18-Mar-2026 01:52:37 UTC] PHP Parse error:  syntax error, unexpected token "public" in /home/gideon/.gemini/antigravity/scratch/cwicly-rebuild/cwicly/core/includes/classes/class-setup.php on line 894
[18-Mar-2026 01:52:37 UTC] PHP Parse error:  syntax error, unexpected token "public" in /home/gideon/.gemini/antigravity/scratch/cwicly-rebuild/cwicly/core/includes/classes/class-setup.php on line 894
[18-Mar-2026 01:52:37 UTC] PHP Parse error:  syntax error, unexpected token "public" in /home/gideon/.gemini/antigravity/scratch/cwicly-rebuild/cwicly/core/includes/classes/class-setup.php on line 894
[18-Mar-2026 01:52:40 UTC] PHP Parse error:  syntax error, unexpected token "public" in /home/gideon/.gemini/antigravity/scratch/cwicly-rebuild/cwicly/core/includes/classes/class-setup.php on line 894
[18-Mar-2026 01:52:41 UTC] PHP Parse error:  syntax error, unexpected token "public" in /home/gideon/.gemini/antigravity/scratch/cwicly-rebuild/cwicly/core/includes/classes/class-setup.php on line 894
[18-Mar-2026 01:52:41 UTC] PHP Parse error:  syntax error, unexpected token "public" in /home/gideon/.gemini/antigravity/scratch/cwicly-rebuild/cwicly/core/includes/classes/class-setup.php on line 894
[18-Mar-2026 01:52:41 UTC] PHP Parse error:  syntax error, unexpected token "public" in /home/gideon/.gemini/antigravity/scratch/cwicly-rebuild/cwicly/core/includes/classes/class-setup.php on line 894
[18-Mar-2026 01:52:42 UTC] PHP Parse error:  syntax error, unexpected token "public" in /home/gideon/.gemini/antigravity/scratch/cwicly-rebuild/cwicly/core/includes/classes/class-setup.php on line 894
[18-Mar-2026 01:52:42 UTC] PHP Parse error:  syntax error, unexpected token "public" in /home/gideon/.gemini/antigravity/scratch/cwicly-rebuild/cwicly/core/includes/classes/class-setup.php on line 894
[18-Mar-2026 01:52:43 UTC] PHP Parse error:  syntax error, unexpected token "public" in /home/gideon/.gemini/antigravity/scratch/cwicly-rebuild/cwicly/core/includes/classes/class-setup.php on line 894
[18-Mar-2026 01:52:43 UTC] PHP Parse error:  syntax error, unexpected token "public" in /home/gideon/.gemini/antigravity/scratch/cwicly-rebuild/cwicly/core/includes/classes/class-setup.php on line 894
[18-Mar-2026 01:52:44 UTC] PHP Parse error:  syntax error, unexpected token "public" in /home/gideon/.gemini/antigravity/scratch/cwicly-rebuild/cwicly/core/includes/classes/class-setup.php on line 894
[18-Mar-2026 01:52:45 UTC] PHP Parse error:  syntax error, unexpected token "public" in /home/gideon/.gemini/antigravity/scratch/cwicly-rebuild/cwicly/core/includes/classes/class-setup.php on line 894
[18-Mar-2026 01:52:47 UTC] PHP Parse error:  syntax error, unexpected token "public" in /home/gideon/.gemini/antigravity/scratch/cwicly-rebuild/cwicly/core/includes/classes/class-setup.php on line 894
[18-Mar-2026 01:52:47 UTC] PHP Parse error:  syntax error, unexpected token "public" in /home/gideon/.gemini/antigravity/scratch/cwicly-rebuild/cwicly/core/includes/classes/class-setup.php on line 894
[18-Mar-2026 01:52:47 UTC] PHP Parse error:  syntax error, unexpected token "public" in /home/gideon/.gemini/antigravity/scratch/cwicly-rebuild/cwicly/core/includes/classes/class-setup.php on line 894
[18-Mar-2026 01:52:49 UTC] PHP Parse error:  syntax error, unexpected token "public" in /home/gideon/.gemini/antigravity/scratch/cwicly-rebuild/cwicly/core/includes/classes/class-setup.php on line 894
[18-Mar-2026 01:52:51 UTC] PHP Parse error:  syntax error, unexpected token "public" in /home/gideon/.gemini/antigravity/scratch/cwicly-rebuild/cwicly/core/includes/classes/class-setup.php on line 894
[18-Mar-2026 01:52:51 UTC] PHP Parse error:  syntax error, unexpected token "public" in /home/gideon/.gemini/antigravity/scratch/cwicly-rebuild/cwicly/core/includes/classes/class-setup.php on line 894
[18-Mar-2026 01:52:53 UTC] PHP Parse error:  syntax error, unexpected token "public" in /home/gideon/.gemini/antigravity/scratch/cwicly-rebuild/cwicly/core/includes/classes/class-setup.php on line 894
[18-Mar-2026 01:52:53 UTC] PHP Parse error:  syntax error, unexpected token "public" in /home/gideon/.gemini/antigravity/scratch/cwicly-rebuild/cwicly/core/includes/classes/class-setup.php on line 894
[18-Mar-2026 01:52:53 UTC] PHP Parse error:  syntax error, unexpected token "public" in /home/gideon/.gemini/antigravity/scratch/cwicly-rebuild/cwicly/core/includes/classes/class-setup.php on line 894
[18-Mar-2026 01:52:53 UTC] PHP Parse error:  syntax error, unexpected token "public" in /home/gideon/.gemini/antigravity/scratch/cwicly-rebuild/cwicly/core/includes/classes/class-setup.php on line 894
[18-Mar-2026 01:52:54 UTC] PHP Parse error:  syntax error, unexpected token "public" in /home/gideon/.gemini/antigravity/scratch/cwicly-rebuild/cwicly/core/includes/classes/class-setup.php on line 894
[18-Mar-2026 01:52:55 UTC] PHP Parse error:  syntax error, unexpected token "public" in /home/gideon/.gemini/antigravity/scratch/cwicly-rebuild/cwicly/core/includes/classes/class-setup.php on line 894
[18-Mar-2026 01:52:57 UTC] PHP Parse error:  syntax error, unexpected token "public" in /home/gideon/.gemini/antigravity/scratch/cwicly-rebuild/cwicly/core/includes/classes/class-setup.php on line 894
[18-Mar-2026 01:52:57 UTC] PHP Parse error:  syntax error, unexpected token "public" in /home/gideon/.gemini/antigravity/scratch/cwicly-rebuild/cwicly/core/includes/classes/class-setup.php on line 894
[18-Mar-2026 01:52:57 UTC] PHP Parse error:  syntax error, unexpected token "public" in /home/gideon/.gemini/antigravity/scratch/cwicly-rebuild/cwicly/core/includes/classes/class-setup.php on line 894
[18-Mar-2026 01:52:59 UTC] PHP Parse error:  syntax error, unexpected token "public" in /home/gideon/.gemini/antigravity/scratch/cwicly-rebuild/cwicly/core/includes/classes/class-setup.php on line 894
[18-Mar-2026 01:53:01 UTC] PHP Parse error:  syntax error, unexpected token "public" in /home/gideon/.gemini/antigravity/scratch/cwicly-rebuild/cwicly/core/includes/classes/class-setup.php on line 894
[18-Mar-2026 01:53:01 UTC] PHP Parse error:  syntax error, unexpected token "public" in /home/gideon/.gemini/antigravity/scratch/cwicly-rebuild/cwicly/core/includes/classes/class-setup.php on line 894
[18-Mar-2026 01:53:02 UTC] PHP Parse error:  syntax error, unexpected token "public" in /home/gideon/.gemini/antigravity/scratch/cwicly-rebuild/cwicly/core/includes/classes/class-setup.php on line 894
[18-Mar-2026 01:53:02 UTC] PHP Parse error:  syntax error, unexpected token "public" in /home/gideon/.gemini/antigravity/scratch/cwicly-rebuild/cwicly/core/includes/classes/class-setup.php on line 894
[18-Mar-2026 01:53:03 UTC] PHP Parse error:  syntax error, unexpected token "public" in /home/gideon/.gemini/antigravity/scratch/cwicly-rebuild/cwicly/core/includes/classes/class-setup.php on line 894
[18-Mar-2026 01:53:03 UTC] PHP Parse error:  syntax error, unexpected token "public" in /home/gideon/.gemini/antigravity/scratch/cwicly-rebuild/cwicly/core/includes/classes/class-setup.php on line 894
[18-Mar-2026 01:53:04 UTC] PHP Parse error:  syntax error, unexpected token "public" in /home/gideon/.gemini/antigravity/scratch/cwicly-rebuild/cwicly/core/includes/classes/class-setup.php on line 894
[18-Mar-2026 01:53:05 UTC] PHP Parse error:  syntax error, unexpected token "public" in /home/gideon/.gemini/antigravity/scratch/cwicly-rebuild/cwicly/core/includes/classes/class-setup.php on line 894
[18-Mar-2026 01:53:07 UTC] PHP Parse error:  syntax error, unexpected token "public" in /home/gideon/.gemini/antigravity/scratch/cwicly-rebuild/cwicly/core/includes/classes/class-setup.php on line 894
[18-Mar-2026 01:53:07 UTC] PHP Parse error:  syntax error, unexpected token "public" in /home/gideon/.gemini/antigravity/scratch/cwicly-rebuild/cwicly/core/includes/classes/class-setup.php on line 894
[18-Mar-2026 01:53:07 UTC] PHP Parse error:  syntax error, unexpected token "public" in /home/gideon/.gemini/antigravity/scratch/cwicly-rebuild/cwicly/core/includes/classes/class-setup.php on line 894
[18-Mar-2026 01:53:09 UTC] PHP Parse error:  syntax error, unexpected token "public" in /home/gideon/.gemini/antigravity/scratch/cwicly-rebuild/cwicly/core/includes/classes/class-setup.php on line 894
[18-Mar-2026 01:53:11 UTC] PHP Parse error:  syntax error, unexpected token "public" in /home/gideon/.gemini/antigravity/scratch/cwicly-rebuild/cwicly/core/includes/classes/class-setup.php on line 894
[18-Mar-2026 01:53:11 UTC] PHP Parse error:  syntax error, unexpected token "public" in /home/gideon/.gemini/antigravity/scratch/cwicly-rebuild/cwicly/core/includes/classes/class-setup.php on line 894
[18-Mar-2026 01:53:12 UTC] PHP Parse error:  syntax error, unexpected token "public" in /home/gideon/.gemini/antigravity/scratch/cwicly-rebuild/cwicly/core/includes/classes/class-setup.php on line 894
[18-Mar-2026 01:53:12 UTC] PHP Parse error:  syntax error, unexpected token "public" in /home/gideon/.gemini/antigravity/scratch/cwicly-rebuild/cwicly/core/includes/classes/class-setup.php on line 894
[18-Mar-2026 01:53:13 UTC] PHP Parse error:  syntax error, unexpected token "public" in /home/gideon/.gemini/antigravity/scratch/cwicly-rebuild/cwicly/core/includes/classes/class-setup.php on line 894
[18-Mar-2026 01:53:13 UTC] PHP Parse error:  syntax error, unexpected token "public" in /home/gideon/.gemini/antigravity/scratch/cwicly-rebuild/cwicly/core/includes/classes/class-setup.php on line 894
[18-Mar-2026 01:53:14 UTC] PHP Parse error:  syntax error, unexpected token "public" in /home/gideon/.gemini/antigravity/scratch/cwicly-rebuild/cwicly/core/includes/classes/class-setup.php on line 894
[18-Mar-2026 01:53:15 UTC] PHP Parse error:  syntax error, unexpected token "public" in /home/gideon/.gemini/antigravity/scratch/cwicly-rebuild/cwicly/core/includes/classes/class-setup.php on line 894
[18-Mar-2026 01:53:17 UTC] PHP Parse error:  syntax error, unexpected token "public" in /home/gideon/.gemini/antigravity/scratch/cwicly-rebuild/cwicly/core/includes/classes/class-setup.php on line 894
[18-Mar-2026 01:53:17 UTC] PHP Parse error:  syntax error, unexpected token "public" in /home/gideon/.gemini/antigravity/scratch/cwicly-rebuild/cwicly/core/includes/classes/class-setup.php on line 894
[18-Mar-2026 01:53:18 UTC] PHP Parse error:  syntax error, unexpected token "public" in /home/gideon/.gemini/antigravity/scratch/cwicly-rebuild/cwicly/core/includes/classes/class-setup.php on line 894
[18-Mar-2026 01:53:19 UTC] PHP Parse error:  syntax error, unexpected token "public" in /home/gideon/.gemini/antigravity/scratch/cwicly-rebuild/cwicly/core/includes/classes/class-setup.php on line 894
[18-Mar-2026 01:53:21 UTC] PHP Parse error:  syntax error, unexpected token "public" in /home/gideon/.gemini/antigravity/scratch/cwicly-rebuild/cwicly/core/includes/classes/class-setup.php on line 894
[18-Mar-2026 01:53:21 UTC] PHP Parse error:  syntax error, unexpected token "public" in /home/gideon/.gemini/antigravity/scratch/cwicly-rebuild/cwicly/core/includes/classes/class-setup.php on line 894
[18-Mar-2026 01:53:22 UTC] PHP Parse error:  syntax error, unexpected token "public" in /home/gideon/.gemini/antigravity/scratch/cwicly-rebuild/cwicly/core/includes/classes/class-setup.php on line 894
[18-Mar-2026 01:53:22 UTC] PHP Parse error:  syntax error, unexpected token "public" in /home/gideon/.gemini/antigravity/scratch/cwicly-rebuild/cwicly/core/includes/classes/class-setup.php on line 894
[18-Mar-2026 01:53:23 UTC] PHP Parse error:  syntax error, unexpected token "public" in /home/gideon/.gemini/antigravity/scratch/cwicly-rebuild/cwicly/core/includes/classes/class-setup.php on line 894
[18-Mar-2026 01:53:23 UTC] PHP Parse error:  syntax error, unexpected token "public" in /home/gideon/.gemini/antigravity/scratch/cwicly-rebuild/cwicly/core/includes/classes/class-setup.php on line 894
[18-Mar-2026 01:53:24 UTC] PHP Parse error:  syntax error, unexpected token "public" in /home/gideon/.gemini/antigravity/scratch/cwicly-rebuild/cwicly/core/includes/classes/class-setup.php on line 894
[18-Mar-2026 01:53:25 UTC] PHP Parse error:  syntax error, unexpected token "public" in /home/gideon/.gemini/antigravity/scratch/cwicly-rebuild/cwicly/core/includes/classes/class-setup.php on line 894
[18-Mar-2026 01:53:27 UTC] PHP Parse error:  syntax error, unexpected token "public" in /home/gideon/.gemini/antigravity/scratch/cwicly-rebuild/cwicly/core/includes/classes/class-setup.php on line 894
[18-Mar-2026 01:53:27 UTC] PHP Parse error:  syntax error, unexpected token "public" in /home/gideon/.gemini/antigravity/scratch/cwicly-rebuild/cwicly/core/includes/classes/class-setup.php on line 894
[18-Mar-2026 01:53:27 UTC] PHP Parse error:  syntax error, unexpected token "public" in /home/gideon/.gemini/antigravity/scratch/cwicly-rebuild/cwicly/core/includes/classes/class-setup.php on line 894
[18-Mar-2026 01:53:29 UTC] PHP Parse error:  syntax error, unexpected token "public" in /home/gideon/.gemini/antigravity/scratch/cwicly-rebuild/cwicly/core/includes/classes/class-setup.php on line 894
[18-Mar-2026 01:53:31 UTC] PHP Parse error:  syntax error, unexpected token "public" in /home/gideon/.gemini/antigravity/scratch/cwicly-rebuild/cwicly/core/includes/classes/class-setup.php on line 894
[18-Mar-2026 01:53:31 UTC] PHP Parse error:  syntax error, unexpected token "public" in /home/gideon/.gemini/antigravity/scratch/cwicly-rebuild/cwicly/core/includes/classes/class-setup.php on line 894
[18-Mar-2026 01:53:31 UTC] PHP Parse error:  syntax error, unexpected token "public" in /home/gideon/.gemini/antigravity/scratch/cwicly-rebuild/cwicly/core/includes/classes/class-setup.php on line 894
[18-Mar-2026 01:53:32 UTC] PHP Parse error:  syntax error, unexpected token "public" in /home/gideon/.gemini/antigravity/scratch/cwicly-rebuild/cwicly/core/includes/classes/class-setup.php on line 894
[18-Mar-2026 01:53:32 UTC] PHP Parse error:  syntax error, unexpected token "public" in /home/gideon/.gemini/antigravity/scratch/cwicly-rebuild/cwicly/core/includes/classes/class-setup.php on line 894
[18-Mar-2026 01:53:33 UTC] PHP Parse error:  syntax error, unexpected token "public" in /home/gideon/.gemini/antigravity/scratch/cwicly-rebuild/cwicly/core/includes/classes/class-setup.php on line 894
[18-Mar-2026 01:53:33 UTC] PHP Parse error:  syntax error, unexpected token "public" in /home/gideon/.gemini/antigravity/scratch/cwicly-rebuild/cwicly/core/includes/classes/class-setup.php on line 894
[18-Mar-2026 01:53:34 UTC] PHP Parse error:  syntax error, unexpected token "public" in /home/gideon/.gemini/antigravity/scratch/cwicly-rebuild/cwicly/core/includes/classes/class-setup.php on line 894
[18-Mar-2026 01:53:35 UTC] PHP Parse error:  syntax error, unexpected token "public" in /home/gideon/.gemini/antigravity/scratch/cwicly-rebuild/cwicly/core/includes/classes/class-setup.php on line 894
[18-Mar-2026 01:53:37 UTC] PHP Parse error:  syntax error, unexpected token "public" in /home/gideon/.gemini/antigravity/scratch/cwicly-rebuild/cwicly/core/includes/classes/class-setup.php on line 894
[18-Mar-2026 01:53:37 UTC] PHP Parse error:  syntax error, unexpected token "public" in /home/gideon/.gemini/antigravity/scratch/cwicly-rebuild/cwicly/core/includes/classes/class-setup.php on line 894
[18-Mar-2026 01:53:37 UTC] PHP Parse error:  syntax error, unexpected token "public" in /home/gideon/.gemini/antigravity/scratch/cwicly-rebuild/cwicly/core/includes/classes/class-setup.php on line 894
[18-Mar-2026 01:53:40 UTC] PHP Parse error:  syntax error, unexpected token "public" in /home/gideon/.gemini/antigravity/scratch/cwicly-rebuild/cwicly/core/includes/classes/class-setup.php on line 894
[18-Mar-2026 01:53:42 UTC] PHP Parse error:  syntax error, unexpected token "public" in /home/gideon/.gemini/antigravity/scratch/cwicly-rebuild/cwicly/core/includes/classes/class-setup.php on line 894
[18-Mar-2026 01:53:42 UTC] PHP Parse error:  syntax error, unexpected token "public" in /home/gideon/.gemini/antigravity/scratch/cwicly-rebuild/cwicly/core/includes/classes/class-setup.php on line 894
[18-Mar-2026 01:53:42 UTC] PHP Parse error:  syntax error, unexpected token "public" in /home/gideon/.gemini/antigravity/scratch/cwicly-rebuild/cwicly/core/includes/classes/class-setup.php on line 894
[18-Mar-2026 01:53:43 UTC] PHP Parse error:  syntax error, unexpected token "public" in /home/gideon/.gemini/antigravity/scratch/cwicly-rebuild/cwicly/core/includes/classes/class-setup.php on line 894
[18-Mar-2026 01:53:43 UTC] PHP Parse error:  syntax error, unexpected token "public" in /home/gideon/.gemini/antigravity/scratch/cwicly-rebuild/cwicly/core/includes/classes/class-setup.php on line 894
[18-Mar-2026 01:53:43 UTC] PHP Parse error:  syntax error, unexpected token "public" in /home/gideon/.gemini/antigravity/scratch/cwicly-rebuild/cwicly/core/includes/classes/class-setup.php on line 894
[18-Mar-2026 01:53:43 UTC] PHP Parse error:  syntax error, unexpected token "public" in /home/gideon/.gemini/antigravity/scratch/cwicly-rebuild/cwicly/core/includes/classes/class-setup.php on line 894
[18-Mar-2026 01:53:44 UTC] PHP Parse error:  syntax error, unexpected token "public" in /home/gideon/.gemini/antigravity/scratch/cwicly-rebuild/cwicly/core/includes/classes/class-setup.php on line 894
[18-Mar-2026 01:53:45 UTC] PHP Parse error:  syntax error, unexpected token "public" in /home/gideon/.gemini/antigravity/scratch/cwicly-rebuild/cwicly/core/includes/classes/class-setup.php on line 894
[18-Mar-2026 01:53:47 UTC] PHP Parse error:  syntax error, unexpected token "public" in /home/gideon/.gemini/antigravity/scratch/cwicly-rebuild/cwicly/core/includes/classes/class-setup.php on line 894
[18-Mar-2026 01:53:47 UTC] PHP Parse error:  syntax error, unexpected token "public" in /home/gideon/.gemini/antigravity/scratch/cwicly-rebuild/cwicly/core/includes/classes/class-setup.php on line 894
[18-Mar-2026 01:53:47 UTC] PHP Parse error:  syntax error, unexpected token "public" in /home/gideon/.gemini/antigravity/scratch/cwicly-rebuild/cwicly/core/includes/classes/class-setup.php on line 894
[18-Mar-2026 01:53:50 UTC] PHP Parse error:  syntax error, unexpected token "public" in /home/gideon/.gemini/antigravity/scratch/cwicly-rebuild/cwicly/core/includes/classes/class-setup.php on line 894
[18-Mar-2026 01:53:51 UTC] PHP Parse error:  syntax error, unexpected token "public" in /home/gideon/.gemini/antigravity/scratch/cwicly-rebuild/cwicly/core/includes/classes/class-setup.php on line 894
[18-Mar-2026 01:53:51 UTC] PHP Parse error:  syntax error, unexpected token "public" in /home/gideon/.gemini/antigravity/scratch/cwicly-rebuild/cwicly/core/includes/classes/class-setup.php on line 894
[18-Mar-2026 01:53:52 UTC] PHP Parse error:  syntax error, unexpected token "public" in /home/gideon/.gemini/antigravity/scratch/cwicly-rebuild/cwicly/core/includes/classes/class-setup.php on line 894
[18-Mar-2026 01:53:53 UTC] PHP Parse error:  syntax error, unexpected token "public" in /home/gideon/.gemini/antigravity/scratch/cwicly-rebuild/cwicly/core/includes/classes/class-setup.php on line 894
[18-Mar-2026 01:53:53 UTC] PHP Parse error:  syntax error, unexpected token "public" in /home/gideon/.gemini/antigravity/scratch/cwicly-rebuild/cwicly/core/includes/classes/class-setup.php on line 894
[18-Mar-2026 01:53:53 UTC] PHP Parse error:  syntax error, unexpected token "public" in /home/gideon/.gemini/antigravity/scratch/cwicly-rebuild/cwicly/core/includes/classes/class-setup.php on line 894
[18-Mar-2026 01:53:54 UTC] PHP Parse error:  syntax error, unexpected token "public" in /home/gideon/.gemini/antigravity/scratch/cwicly-rebuild/cwicly/core/includes/classes/class-setup.php on line 894
[18-Mar-2026 01:53:55 UTC] PHP Parse error:  syntax error, unexpected token "public" in /home/gideon/.gemini/antigravity/scratch/cwicly-rebuild/cwicly/core/includes/classes/class-setup.php on line 894
[18-Mar-2026 01:53:57 UTC] PHP Parse error:  syntax error, unexpected token "public" in /home/gideon/.gemini/antigravity/scratch/cwicly-rebuild/cwicly/core/includes/classes/class-setup.php on line 894
[18-Mar-2026 01:53:57 UTC] PHP Parse error:  syntax error, unexpected token "public" in /home/gideon/.gemini/antigravity/scratch/cwicly-rebuild/cwicly/core/includes/classes/class-setup.php on line 894
[18-Mar-2026 01:53:58 UTC] PHP Parse error:  syntax error, unexpected token "public" in /home/gideon/.gemini/antigravity/scratch/cwicly-rebuild/cwicly/core/includes/classes/class-setup.php on line 894
[18-Mar-2026 01:53:59 UTC] PHP Parse error:  syntax error, unexpected token "public" in /home/gideon/.gemini/antigravity/scratch/cwicly-rebuild/cwicly/core/includes/classes/class-setup.php on line 894
[18-Mar-2026 01:54:01 UTC] PHP Parse error:  syntax error, unexpected token "public" in /home/gideon/.gemini/antigravity/scratch/cwicly-rebuild/cwicly/core/includes/classes/class-setup.php on line 894
[18-Mar-2026 01:54:01 UTC] PHP Parse error:  syntax error, unexpected token "public" in /home/gideon/.gemini/antigravity/scratch/cwicly-rebuild/cwicly/core/includes/classes/class-setup.php on line 894
[18-Mar-2026 01:54:02 UTC] PHP Parse error:  syntax error, unexpected token "public" in /home/gideon/.gemini/antigravity/scratch/cwicly-rebuild/cwicly/core/includes/classes/class-setup.php on line 894
[18-Mar-2026 01:54:02 UTC] PHP Parse error:  syntax error, unexpected token "public" in /home/gideon/.gemini/antigravity/scratch/cwicly-rebuild/cwicly/core/includes/classes/class-setup.php on line 894
[18-Mar-2026 01:54:03 UTC] PHP Parse error:  syntax error, unexpected token "public" in /home/gideon/.gemini/antigravity/scratch/cwicly-rebuild/cwicly/core/includes/classes/class-setup.php on line 894
[18-Mar-2026 01:54:03 UTC] PHP Parse error:  syntax error, unexpected token "public" in /home/gideon/.gemini/antigravity/scratch/cwicly-rebuild/cwicly/core/includes/classes/class-setup.php on line 894
[18-Mar-2026 01:54:04 UTC] PHP Parse error:  syntax error, unexpected token "public" in /home/gideon/.gemini/antigravity/scratch/cwicly-rebuild/cwicly/core/includes/classes/class-setup.php on line 894
[18-Mar-2026 01:54:05 UTC] PHP Parse error:  syntax error, unexpected token "public" in /home/gideon/.gemini/antigravity/scratch/cwicly-rebuild/cwicly/core/includes/classes/class-setup.php on line 894
[18-Mar-2026 01:54:07 UTC] PHP Parse error:  syntax error, unexpected token "public" in /home/gideon/.gemini/antigravity/scratch/cwicly-rebuild/cwicly/core/includes/classes/class-setup.php on line 894
[18-Mar-2026 01:54:07 UTC] PHP Parse error:  syntax error, unexpected token "public" in /home/gideon/.gemini/antigravity/scratch/cwicly-rebuild/cwicly/core/includes/classes/class-setup.php on line 894
[18-Mar-2026 01:54:07 UTC] PHP Parse error:  syntax error, unexpected token "public" in /home/gideon/.gemini/antigravity/scratch/cwicly-rebuild/cwicly/core/includes/classes/class-setup.php on line 894
[18-Mar-2026 01:54:09 UTC] PHP Parse error:  syntax error, unexpected token "public" in /home/gideon/.gemini/antigravity/scratch/cwicly-rebuild/cwicly/core/includes/classes/class-setup.php on line 894
[18-Mar-2026 01:54:11 UTC] PHP Parse error:  syntax error, unexpected token "public" in /home/gideon/.gemini/antigravity/scratch/cwicly-rebuild/cwicly/core/includes/classes/class-setup.php on line 894
[18-Mar-2026 01:54:11 UTC] PHP Parse error:  syntax error, unexpected token "public" in /home/gideon/.gemini/antigravity/scratch/cwicly-rebuild/cwicly/core/includes/classes/class-setup.php on line 894
[18-Mar-2026 01:54:12 UTC] PHP Parse error:  syntax error, unexpected token "public" in /home/gideon/.gemini/antigravity/scratch/cwicly-rebuild/cwicly/core/includes/classes/class-setup.php on line 894
[18-Mar-2026 01:54:12 UTC] PHP Parse error:  syntax error, unexpected token "public" in /home/gideon/.gemini/antigravity/scratch/cwicly-rebuild/cwicly/core/includes/classes/class-setup.php on line 894
[18-Mar-2026 01:54:13 UTC] PHP Parse error:  syntax error, unexpected token "public" in /home/gideon/.gemini/antigravity/scratch/cwicly-rebuild/cwicly/core/includes/classes/class-setup.php on line 894
[18-Mar-2026 01:54:13 UTC] PHP Parse error:  syntax error, unexpected token "public" in /home/gideon/.gemini/antigravity/scratch/cwicly-rebuild/cwicly/core/includes/classes/class-setup.php on line 894
[18-Mar-2026 01:54:14 UTC] PHP Parse error:  syntax error, unexpected token "public" in /home/gideon/.gemini/antigravity/scratch/cwicly-rebuild/cwicly/core/includes/classes/class-setup.php on line 894
[18-Mar-2026 01:54:15 UTC] PHP Parse error:  syntax error, unexpected token "public" in /home/gideon/.gemini/antigravity/scratch/cwicly-rebuild/cwicly/core/includes/classes/class-setup.php on line 894
[18-Mar-2026 01:54:17 UTC] PHP Parse error:  syntax error, unexpected token "public" in /home/gideon/.gemini/antigravity/scratch/cwicly-rebuild/cwicly/core/includes/classes/class-setup.php on line 894
[18-Mar-2026 01:54:17 UTC] PHP Parse error:  syntax error, unexpected token "public" in /home/gideon/.gemini/antigravity/scratch/cwicly-rebuild/cwicly/core/includes/classes/class-setup.php on line 894
[18-Mar-2026 01:54:17 UTC] PHP Parse error:  syntax error, unexpected token "public" in /home/gideon/.gemini/antigravity/scratch/cwicly-rebuild/cwicly/core/includes/classes/class-setup.php on line 894
[18-Mar-2026 01:54:19 UTC] PHP Parse error:  syntax error, unexpected token "public" in /home/gideon/.gemini/antigravity/scratch/cwicly-rebuild/cwicly/core/includes/classes/class-setup.php on line 894
[18-Mar-2026 01:54:21 UTC] PHP Parse error:  syntax error, unexpected token "public" in /home/gideon/.gemini/antigravity/scratch/cwicly-rebuild/cwicly/core/includes/classes/class-setup.php on line 894
[18-Mar-2026 01:54:21 UTC] PHP Parse error:  syntax error, unexpected token "public" in /home/gideon/.gemini/antigravity/scratch/cwicly-rebuild/cwicly/core/includes/classes/class-setup.php on line 894
[18-Mar-2026 01:54:22 UTC] PHP Parse error:  syntax error, unexpected token "public" in /home/gideon/.gemini/antigravity/scratch/cwicly-rebuild/cwicly/core/includes/classes/class-setup.php on line 894
[18-Mar-2026 01:54:22 UTC] PHP Parse error:  syntax error, unexpected token "public" in /home/gideon/.gemini/antigravity/scratch/cwicly-rebuild/cwicly/core/includes/classes/class-setup.php on line 894
[18-Mar-2026 01:54:23 UTC] PHP Parse error:  syntax error, unexpected token "public" in /home/gideon/.gemini/antigravity/scratch/cwicly-rebuild/cwicly/core/includes/classes/class-setup.php on line 894
[18-Mar-2026 01:54:23 UTC] PHP Parse error:  syntax error, unexpected token "public" in /home/gideon/.gemini/antigravity/scratch/cwicly-rebuild/cwicly/core/includes/classes/class-setup.php on line 894
[18-Mar-2026 01:54:24 UTC] PHP Parse error:  syntax error, unexpected token "public" in /home/gideon/.gemini/antigravity/scratch/cwicly-rebuild/cwicly/core/includes/classes/class-setup.php on line 894
[18-Mar-2026 01:54:25 UTC] PHP Parse error:  syntax error, unexpected token "public" in /home/gideon/.gemini/antigravity/scratch/cwicly-rebuild/cwicly/core/includes/classes/class-setup.php on line 894
[18-Mar-2026 01:54:27 UTC] PHP Parse error:  syntax error, unexpected token "public" in /home/gideon/.gemini/antigravity/scratch/cwicly-rebuild/cwicly/core/includes/classes/class-setup.php on line 894
[18-Mar-2026 01:54:27 UTC] PHP Parse error:  syntax error, unexpected token "public" in /home/gideon/.gemini/antigravity/scratch/cwicly-rebuild/cwicly/core/includes/classes/class-setup.php on line 894
[18-Mar-2026 01:54:27 UTC] PHP Parse error:  syntax error, unexpected token "public" in /home/gideon/.gemini/antigravity/scratch/cwicly-rebuild/cwicly/core/includes/classes/class-setup.php on line 894
[18-Mar-2026 01:54:29 UTC] PHP Parse error:  syntax error, unexpected token "public" in /home/gideon/.gemini/antigravity/scratch/cwicly-rebuild/cwicly/core/includes/classes/class-setup.php on line 894
[18-Mar-2026 01:54:31 UTC] PHP Parse error:  syntax error, unexpected token "public" in /home/gideon/.gemini/antigravity/scratch/cwicly-rebuild/cwicly/core/includes/classes/class-setup.php on line 894
[18-Mar-2026 01:54:31 UTC] PHP Parse error:  syntax error, unexpected token "public" in /home/gideon/.gemini/antigravity/scratch/cwicly-rebuild/cwicly/core/includes/classes/class-setup.php on line 894
[18-Mar-2026 01:54:32 UTC] PHP Parse error:  syntax error, unexpected token "public" in /home/gideon/.gemini/antigravity/scratch/cwicly-rebuild/cwicly/core/includes/classes/class-setup.php on line 894
[18-Mar-2026 01:54:32 UTC] PHP Parse error:  syntax error, unexpected token "public" in /home/gideon/.gemini/antigravity/scratch/cwicly-rebuild/cwicly/core/includes/classes/class-setup.php on line 894
[18-Mar-2026 01:54:32 UTC] PHP Parse error:  syntax error, unexpected token "public" in /home/gideon/.gemini/antigravity/scratch/cwicly-rebuild/cwicly/core/includes/classes/class-setup.php on line 894
[18-Mar-2026 01:54:33 UTC] PHP Parse error:  syntax error, unexpected token "public" in /home/gideon/.gemini/antigravity/scratch/cwicly-rebuild/cwicly/core/includes/classes/class-setup.php on line 894
[18-Mar-2026 01:54:33 UTC] PHP Parse error:  syntax error, unexpected token "public" in /home/gideon/.gemini/antigravity/scratch/cwicly-rebuild/cwicly/core/includes/classes/class-setup.php on line 894
[18-Mar-2026 01:54:34 UTC] PHP Parse error:  syntax error, unexpected token "public" in /home/gideon/.gemini/antigravity/scratch/cwicly-rebuild/cwicly/core/includes/classes/class-setup.php on line 894
[18-Mar-2026 01:54:35 UTC] PHP Parse error:  syntax error, unexpected token "public" in /home/gideon/.gemini/antigravity/scratch/cwicly-rebuild/cwicly/core/includes/classes/class-setup.php on line 894
[18-Mar-2026 01:54:37 UTC] PHP Parse error:  syntax error, unexpected token "public" in /home/gideon/.gemini/antigravity/scratch/cwicly-rebuild/cwicly/core/includes/classes/class-setup.php on line 894
[18-Mar-2026 01:54:37 UTC] PHP Parse error:  syntax error, unexpected token "public" in /home/gideon/.gemini/antigravity/scratch/cwicly-rebuild/cwicly/core/includes/classes/class-setup.php on line 894
[18-Mar-2026 01:54:37 UTC] PHP Parse error:  syntax error, unexpected token "public" in /home/gideon/.gemini/antigravity/scratch/cwicly-rebuild/cwicly/core/includes/classes/class-setup.php on line 894
[18-Mar-2026 01:54:39 UTC] PHP Parse error:  syntax error, unexpected token "public" in /home/gideon/.gemini/antigravity/scratch/cwicly-rebuild/cwicly/core/includes/classes/class-setup.php on line 894
[18-Mar-2026 01:54:41 UTC] PHP Parse error:  syntax error, unexpected token "public" in /home/gideon/.gemini/antigravity/scratch/cwicly-rebuild/cwicly/core/includes/classes/class-setup.php on line 894
[18-Mar-2026 01:54:41 UTC] PHP Parse error:  syntax error, unexpected token "public" in /home/gideon/.gemini/antigravity/scratch/cwicly-rebuild/cwicly/core/includes/classes/class-setup.php on line 894
[18-Mar-2026 01:54:41 UTC] PHP Parse error:  syntax error, unexpected token "public" in /home/gideon/.gemini/antigravity/scratch/cwicly-rebuild/cwicly/core/includes/classes/class-setup.php on line 894
[18-Mar-2026 01:54:42 UTC] PHP Parse error:  syntax error, unexpected token "public" in /home/gideon/.gemini/antigravity/scratch/cwicly-rebuild/cwicly/core/includes/classes/class-setup.php on line 894
[18-Mar-2026 01:54:42 UTC] PHP Parse error:  syntax error, unexpected token "public" in /home/gideon/.gemini/antigravity/scratch/cwicly-rebuild/cwicly/core/includes/classes/class-setup.php on line 894
[18-Mar-2026 01:54:43 UTC] PHP Parse error:  syntax error, unexpected token "public" in /home/gideon/.gemini/antigravity/scratch/cwicly-rebuild/cwicly/core/includes/classes/class-setup.php on line 894
[18-Mar-2026 01:54:43 UTC] PHP Parse error:  syntax error, unexpected token "public" in /home/gideon/.gemini/antigravity/scratch/cwicly-rebuild/cwicly/core/includes/classes/class-setup.php on line 894
[18-Mar-2026 01:54:44 UTC] PHP Parse error:  syntax error, unexpected token "public" in /home/gideon/.gemini/antigravity/scratch/cwicly-rebuild/cwicly/core/includes/classes/class-setup.php on line 894
[18-Mar-2026 01:54:45 UTC] PHP Parse error:  syntax error, unexpected token "public" in /home/gideon/.gemini/antigravity/scratch/cwicly-rebuild/cwicly/core/includes/classes/class-setup.php on line 894
[18-Mar-2026 01:54:47 UTC] PHP Parse error:  syntax error, unexpected token "public" in /home/gideon/.gemini/antigravity/scratch/cwicly-rebuild/cwicly/core/includes/classes/class-setup.php on line 894
[18-Mar-2026 01:54:47 UTC] PHP Parse error:  syntax error, unexpected token "public" in /home/gideon/.gemini/antigravity/scratch/cwicly-rebuild/cwicly/core/includes/classes/class-setup.php on line 894
[18-Mar-2026 01:54:47 UTC] PHP Parse error:  syntax error, unexpected token "public" in /home/gideon/.gemini/antigravity/scratch/cwicly-rebuild/cwicly/core/includes/classes/class-setup.php on line 894
[18-Mar-2026 01:54:49 UTC] PHP Parse error:  syntax error, unexpected token "public" in /home/gideon/.gemini/antigravity/scratch/cwicly-rebuild/cwicly/core/includes/classes/class-setup.php on line 894
[18-Mar-2026 01:54:51 UTC] PHP Parse error:  syntax error, unexpected token "public" in /home/gideon/.gemini/antigravity/scratch/cwicly-rebuild/cwicly/core/includes/classes/class-setup.php on line 894
[18-Mar-2026 01:54:51 UTC] PHP Parse error:  syntax error, unexpected token "public" in /home/gideon/.gemini/antigravity/scratch/cwicly-rebuild/cwicly/core/includes/classes/class-setup.php on line 894
[18-Mar-2026 01:54:52 UTC] PHP Parse error:  syntax error, unexpected token "public" in /home/gideon/.gemini/antigravity/scratch/cwicly-rebuild/cwicly/core/includes/classes/class-setup.php on line 894
[18-Mar-2026 01:54:52 UTC] PHP Parse error:  syntax error, unexpected token "public" in /home/gideon/.gemini/antigravity/scratch/cwicly-rebuild/cwicly/core/includes/classes/class-setup.php on line 894
[18-Mar-2026 01:54:53 UTC] PHP Parse error:  syntax error, unexpected token "public" in /home/gideon/.gemini/antigravity/scratch/cwicly-rebuild/cwicly/core/includes/classes/class-setup.php on line 894
[18-Mar-2026 01:54:53 UTC] PHP Parse error:  syntax error, unexpected token "public" in /home/gideon/.gemini/antigravity/scratch/cwicly-rebuild/cwicly/core/includes/classes/class-setup.php on line 894
[18-Mar-2026 01:54:54 UTC] PHP Parse error:  syntax error, unexpected token "public" in /home/gideon/.gemini/antigravity/scratch/cwicly-rebuild/cwicly/core/includes/classes/class-setup.php on line 894
[18-Mar-2026 01:54:55 UTC] PHP Parse error:  syntax error, unexpected token "public" in /home/gideon/.gemini/antigravity/scratch/cwicly-rebuild/cwicly/core/includes/classes/class-setup.php on line 894
[18-Mar-2026 01:54:57 UTC] PHP Parse error:  syntax error, unexpected token "public" in /home/gideon/.gemini/antigravity/scratch/cwicly-rebuild/cwicly/core/includes/classes/class-setup.php on line 894
[18-Mar-2026 01:54:57 UTC] PHP Parse error:  syntax error, unexpected token "public" in /home/gideon/.gemini/antigravity/scratch/cwicly-rebuild/cwicly/core/includes/classes/class-setup.php on line 894
[18-Mar-2026 01:54:57 UTC] PHP Parse error:  syntax error, unexpected token "public" in /home/gideon/.gemini/antigravity/scratch/cwicly-rebuild/cwicly/core/includes/classes/class-setup.php on line 894
[18-Mar-2026 01:55:00 UTC] PHP Parse error:  syntax error, unexpected token "public" in /home/gideon/.gemini/antigravity/scratch/cwicly-rebuild/cwicly/core/includes/classes/class-setup.php on line 894
[18-Mar-2026 01:55:01 UTC] PHP Parse error:  syntax error, unexpected token "public" in /home/gideon/.gemini/antigravity/scratch/cwicly-rebuild/cwicly/core/includes/classes/class-setup.php on line 894
[18-Mar-2026 01:55:02 UTC] PHP Parse error:  syntax error, unexpected token "public" in /home/gideon/.gemini/antigravity/scratch/cwicly-rebuild/cwicly/core/includes/classes/class-setup.php on line 894
[18-Mar-2026 01:55:02 UTC] PHP Parse error:  syntax error, unexpected token "public" in /home/gideon/.gemini/antigravity/scratch/cwicly-rebuild/cwicly/core/includes/classes/class-setup.php on line 894
[18-Mar-2026 01:55:02 UTC] PHP Parse error:  syntax error, unexpected token "public" in /home/gideon/.gemini/antigravity/scratch/cwicly-rebuild/cwicly/core/includes/classes/class-setup.php on line 894
[18-Mar-2026 01:55:03 UTC] PHP Parse error:  syntax error, unexpected token "public" in /home/gideon/.gemini/antigravity/scratch/cwicly-rebuild/cwicly/core/includes/classes/class-setup.php on line 894
[18-Mar-2026 01:55:03 UTC] PHP Parse error:  syntax error, unexpected token "public" in /home/gideon/.gemini/antigravity/scratch/cwicly-rebuild/cwicly/core/includes/classes/class-setup.php on line 894
[18-Mar-2026 01:55:04 UTC] PHP Parse error:  syntax error, unexpected token "public" in /home/gideon/.gemini/antigravity/scratch/cwicly-rebuild/cwicly/core/includes/classes/class-setup.php on line 894
[18-Mar-2026 01:55:05 UTC] PHP Parse error:  syntax error, unexpected token "public" in /home/gideon/.gemini/antigravity/scratch/cwicly-rebuild/cwicly/core/includes/classes/class-setup.php on line 894
[18-Mar-2026 01:55:07 UTC] PHP Parse error:  syntax error, unexpected token "public" in /home/gideon/.gemini/antigravity/scratch/cwicly-rebuild/cwicly/core/includes/classes/class-setup.php on line 894
[18-Mar-2026 01:55:07 UTC] PHP Parse error:  syntax error, unexpected token "public" in /home/gideon/.gemini/antigravity/scratch/cwicly-rebuild/cwicly/core/includes/classes/class-setup.php on line 894
[18-Mar-2026 01:55:07 UTC] PHP Parse error:  syntax error, unexpected token "public" in /home/gideon/.gemini/antigravity/scratch/cwicly-rebuild/cwicly/core/includes/classes/class-setup.php on line 894
[18-Mar-2026 01:55:09 UTC] PHP Parse error:  syntax error, unexpected token "public" in /home/gideon/.gemini/antigravity/scratch/cwicly-rebuild/cwicly/core/includes/classes/class-setup.php on line 894
[18-Mar-2026 01:55:11 UTC] PHP Parse error:  syntax error, unexpected token "public" in /home/gideon/.gemini/antigravity/scratch/cwicly-rebuild/cwicly/core/includes/classes/class-setup.php on line 894
[18-Mar-2026 01:55:11 UTC] PHP Parse error:  syntax error, unexpected token "public" in /home/gideon/.gemini/antigravity/scratch/cwicly-rebuild/cwicly/core/includes/classes/class-setup.php on line 894
[18-Mar-2026 01:55:12 UTC] PHP Parse error:  syntax error, unexpected token "public" in /home/gideon/.gemini/antigravity/scratch/cwicly-rebuild/cwicly/core/includes/classes/class-setup.php on line 894
[18-Mar-2026 01:55:12 UTC] PHP Parse error:  syntax error, unexpected token "public" in /home/gideon/.gemini/antigravity/scratch/cwicly-rebuild/cwicly/core/includes/classes/class-setup.php on line 894
[18-Mar-2026 01:55:13 UTC] PHP Parse error:  syntax error, unexpected token "public" in /home/gideon/.gemini/antigravity/scratch/cwicly-rebuild/cwicly/core/includes/classes/class-setup.php on line 894
[18-Mar-2026 01:55:13 UTC] PHP Parse error:  syntax error, unexpected token "public" in /home/gideon/.gemini/antigravity/scratch/cwicly-rebuild/cwicly/core/includes/classes/class-setup.php on line 894
[18-Mar-2026 01:55:14 UTC] PHP Parse error:  syntax error, unexpected token "public" in /home/gideon/.gemini/antigravity/scratch/cwicly-rebuild/cwicly/core/includes/classes/class-setup.php on line 894
[18-Mar-2026 01:55:15 UTC] PHP Parse error:  syntax error, unexpected token "public" in /home/gideon/.gemini/antigravity/scratch/cwicly-rebuild/cwicly/core/includes/classes/class-setup.php on line 894
[18-Mar-2026 01:55:17 UTC] PHP Parse error:  syntax error, unexpected token "public" in /home/gideon/.gemini/antigravity/scratch/cwicly-rebuild/cwicly/core/includes/classes/class-setup.php on line 894
[18-Mar-2026 01:55:17 UTC] PHP Parse error:  syntax error, unexpected token "public" in /home/gideon/.gemini/antigravity/scratch/cwicly-rebuild/cwicly/core/includes/classes/class-setup.php on line 894
[18-Mar-2026 01:55:17 UTC] PHP Parse error:  syntax error, unexpected token "public" in /home/gideon/.gemini/antigravity/scratch/cwicly-rebuild/cwicly/core/includes/classes/class-setup.php on line 894
[18-Mar-2026 01:55:20 UTC] PHP Parse error:  syntax error, unexpected token "public" in /home/gideon/.gemini/antigravity/scratch/cwicly-rebuild/cwicly/core/includes/classes/class-setup.php on line 894
[18-Mar-2026 01:55:21 UTC] PHP Parse error:  syntax error, unexpected token "public" in /home/gideon/.gemini/antigravity/scratch/cwicly-rebuild/cwicly/core/includes/classes/class-setup.php on line 894
[18-Mar-2026 01:55:21 UTC] PHP Parse error:  syntax error, unexpected token "public" in /home/gideon/.gemini/antigravity/scratch/cwicly-rebuild/cwicly/core/includes/classes/class-setup.php on line 894
[18-Mar-2026 01:55:22 UTC] PHP Parse error:  syntax error, unexpected token "public" in /home/gideon/.gemini/antigravity/scratch/cwicly-rebuild/cwicly/core/includes/classes/class-setup.php on line 894
[18-Mar-2026 01:55:22 UTC] PHP Parse error:  syntax error, unexpected token "public" in /home/gideon/.gemini/antigravity/scratch/cwicly-rebuild/cwicly/core/includes/classes/class-setup.php on line 894
[18-Mar-2026 01:55:23 UTC] PHP Parse error:  syntax error, unexpected token "public" in /home/gideon/.gemini/antigravity/scratch/cwicly-rebuild/cwicly/core/includes/classes/class-setup.php on line 894
[18-Mar-2026 01:55:23 UTC] PHP Parse error:  syntax error, unexpected token "public" in /home/gideon/.gemini/antigravity/scratch/cwicly-rebuild/cwicly/core/includes/classes/class-setup.php on line 894
[18-Mar-2026 01:55:24 UTC] PHP Parse error:  syntax error, unexpected token "public" in /home/gideon/.gemini/antigravity/scratch/cwicly-rebuild/cwicly/core/includes/classes/class-setup.php on line 894
[18-Mar-2026 01:55:25 UTC] PHP Parse error:  syntax error, unexpected token "public" in /home/gideon/.gemini/antigravity/scratch/cwicly-rebuild/cwicly/core/includes/classes/class-setup.php on line 894
[18-Mar-2026 01:55:27 UTC] PHP Parse error:  syntax error, unexpected token "public" in /home/gideon/.gemini/antigravity/scratch/cwicly-rebuild/cwicly/core/includes/classes/class-setup.php on line 894
[18-Mar-2026 01:55:27 UTC] PHP Parse error:  syntax error, unexpected token "public" in /home/gideon/.gemini/antigravity/scratch/cwicly-rebuild/cwicly/core/includes/classes/class-setup.php on line 894
[18-Mar-2026 01:55:27 UTC] PHP Parse error:  syntax error, unexpected token "public" in /home/gideon/.gemini/antigravity/scratch/cwicly-rebuild/cwicly/core/includes/classes/class-setup.php on line 894
[18-Mar-2026 01:55:29 UTC] PHP Parse error:  syntax error, unexpected token "public" in /home/gideon/.gemini/antigravity/scratch/cwicly-rebuild/cwicly/core/includes/classes/class-setup.php on line 894
[18-Mar-2026 01:55:31 UTC] PHP Parse error:  syntax error, unexpected token "public" in /home/gideon/.gemini/antigravity/scratch/cwicly-rebuild/cwicly/core/includes/classes/class-setup.php on line 894
[18-Mar-2026 01:55:31 UTC] PHP Parse error:  syntax error, unexpected token "public" in /home/gideon/.gemini/antigravity/scratch/cwicly-rebuild/cwicly/core/includes/classes/class-setup.php on line 894
[18-Mar-2026 01:55:31 UTC] PHP Parse error:  syntax error, unexpected token "public" in /home/gideon/.gemini/antigravity/scratch/cwicly-rebuild/cwicly/core/includes/classes/class-setup.php on line 894
[18-Mar-2026 01:55:32 UTC] PHP Parse error:  syntax error, unexpected token "public" in /home/gideon/.gemini/antigravity/scratch/cwicly-rebuild/cwicly/core/includes/classes/class-setup.php on line 894
[18-Mar-2026 01:55:32 UTC] PHP Parse error:  syntax error, unexpected token "public" in /home/gideon/.gemini/antigravity/scratch/cwicly-rebuild/cwicly/core/includes/classes/class-setup.php on line 894
[18-Mar-2026 01:55:33 UTC] PHP Parse error:  syntax error, unexpected token "public" in /home/gideon/.gemini/antigravity/scratch/cwicly-rebuild/cwicly/core/includes/classes/class-setup.php on line 894
[18-Mar-2026 01:55:33 UTC] PHP Parse error:  syntax error, unexpected token "public" in /home/gideon/.gemini/antigravity/scratch/cwicly-rebuild/cwicly/core/includes/classes/class-setup.php on line 894
[18-Mar-2026 01:55:34 UTC] PHP Parse error:  syntax error, unexpected token "public" in /home/gideon/.gemini/antigravity/scratch/cwicly-rebuild/cwicly/core/includes/classes/class-setup.php on line 894
[18-Mar-2026 01:55:35 UTC] PHP Parse error:  syntax error, unexpected token "public" in /home/gideon/.gemini/antigravity/scratch/cwicly-rebuild/cwicly/core/includes/classes/class-setup.php on line 894
[18-Mar-2026 01:55:37 UTC] PHP Parse error:  syntax error, unexpected token "public" in /home/gideon/.gemini/antigravity/scratch/cwicly-rebuild/cwicly/core/includes/classes/class-setup.php on line 894
[18-Mar-2026 01:55:37 UTC] PHP Parse error:  syntax error, unexpected token "public" in /home/gideon/.gemini/antigravity/scratch/cwicly-rebuild/cwicly/core/includes/classes/class-setup.php on line 894
[18-Mar-2026 01:55:37 UTC] PHP Parse error:  syntax error, unexpected token "public" in /home/gideon/.gemini/antigravity/scratch/cwicly-rebuild/cwicly/core/includes/classes/class-setup.php on line 894
[18-Mar-2026 01:55:39 UTC] PHP Parse error:  syntax error, unexpected token "public" in /home/gideon/.gemini/antigravity/scratch/cwicly-rebuild/cwicly/core/includes/classes/class-setup.php on line 894
[18-Mar-2026 01:55:41 UTC] PHP Parse error:  syntax error, unexpected token "public" in /home/gideon/.gemini/antigravity/scratch/cwicly-rebuild/cwicly/core/includes/classes/class-setup.php on line 894
[18-Mar-2026 01:55:41 UTC] PHP Parse error:  syntax error, unexpected token "public" in /home/gideon/.gemini/antigravity/scratch/cwicly-rebuild/cwicly/core/includes/classes/class-setup.php on line 894
[18-Mar-2026 01:55:41 UTC] PHP Parse error:  syntax error, unexpected token "public" in /home/gideon/.gemini/antigravity/scratch/cwicly-rebuild/cwicly/core/includes/classes/class-setup.php on line 894
[18-Mar-2026 01:55:42 UTC] PHP Parse error:  syntax error, unexpected token "public" in /home/gideon/.gemini/antigravity/scratch/cwicly-rebuild/cwicly/core/includes/classes/class-setup.php on line 894
[18-Mar-2026 01:55:42 UTC] PHP Parse error:  syntax error, unexpected token "public" in /home/gideon/.gemini/antigravity/scratch/cwicly-rebuild/cwicly/core/includes/classes/class-setup.php on line 894
[18-Mar-2026 01:55:43 UTC] PHP Parse error:  syntax error, unexpected token "public" in /home/gideon/.gemini/antigravity/scratch/cwicly-rebuild/cwicly/core/includes/classes/class-setup.php on line 894
[18-Mar-2026 01:55:43 UTC] PHP Parse error:  syntax error, unexpected token "public" in /home/gideon/.gemini/antigravity/scratch/cwicly-rebuild/cwicly/core/includes/classes/class-setup.php on line 894
[18-Mar-2026 01:55:44 UTC] PHP Parse error:  syntax error, unexpected token "public" in /home/gideon/.gemini/antigravity/scratch/cwicly-rebuild/cwicly/core/includes/classes/class-setup.php on line 894
[18-Mar-2026 01:55:45 UTC] PHP Parse error:  syntax error, unexpected token "public" in /home/gideon/.gemini/antigravity/scratch/cwicly-rebuild/cwicly/core/includes/classes/class-setup.php on line 894
[18-Mar-2026 01:55:47 UTC] PHP Parse error:  syntax error, unexpected token "public" in /home/gideon/.gemini/antigravity/scratch/cwicly-rebuild/cwicly/core/includes/classes/class-setup.php on line 894
[18-Mar-2026 01:55:47 UTC] PHP Parse error:  syntax error, unexpected token "public" in /home/gideon/.gemini/antigravity/scratch/cwicly-rebuild/cwicly/core/includes/classes/class-setup.php on line 894
[18-Mar-2026 01:55:47 UTC] PHP Parse error:  syntax error, unexpected token "public" in /home/gideon/.gemini/antigravity/scratch/cwicly-rebuild/cwicly/core/includes/classes/class-setup.php on line 894
[18-Mar-2026 01:55:50 UTC] PHP Parse error:  syntax error, unexpected token "public" in /home/gideon/.gemini/antigravity/scratch/cwicly-rebuild/cwicly/core/includes/classes/class-setup.php on line 894
[18-Mar-2026 01:55:51 UTC] PHP Parse error:  syntax error, unexpected token "public" in /home/gideon/.gemini/antigravity/scratch/cwicly-rebuild/cwicly/core/includes/classes/class-setup.php on line 894
[18-Mar-2026 01:55:51 UTC] PHP Parse error:  syntax error, unexpected token "public" in /home/gideon/.gemini/antigravity/scratch/cwicly-rebuild/cwicly/core/includes/classes/class-setup.php on line 894
[18-Mar-2026 01:55:52 UTC] PHP Parse error:  syntax error, unexpected token "public" in /home/gideon/.gemini/antigravity/scratch/cwicly-rebuild/cwicly/core/includes/classes/class-setup.php on line 894
[18-Mar-2026 01:55:52 UTC] PHP Parse error:  syntax error, unexpected token "public" in /home/gideon/.gemini/antigravity/scratch/cwicly-rebuild/cwicly/core/includes/classes/class-setup.php on line 894
[18-Mar-2026 01:55:53 UTC] PHP Parse error:  syntax error, unexpected token "public" in /home/gideon/.gemini/antigravity/scratch/cwicly-rebuild/cwicly/core/includes/classes/class-setup.php on line 894
[18-Mar-2026 01:55:53 UTC] PHP Parse error:  syntax error, unexpected token "public" in /home/gideon/.gemini/antigravity/scratch/cwicly-rebuild/cwicly/core/includes/classes/class-setup.php on line 894
[18-Mar-2026 01:55:54 UTC] PHP Parse error:  syntax error, unexpected token "public" in /home/gideon/.gemini/antigravity/scratch/cwicly-rebuild/cwicly/core/includes/classes/class-setup.php on line 894
[18-Mar-2026 01:55:55 UTC] PHP Parse error:  syntax error, unexpected token "public" in /home/gideon/.gemini/antigravity/scratch/cwicly-rebuild/cwicly/core/includes/classes/class-setup.php on line 894
[18-Mar-2026 01:55:57 UTC] PHP Parse error:  syntax error, unexpected token "public" in /home/gideon/.gemini/antigravity/scratch/cwicly-rebuild/cwicly/core/includes/classes/class-setup.php on line 894
[18-Mar-2026 01:55:57 UTC] PHP Parse error:  syntax error, unexpected token "public" in /home/gideon/.gemini/antigravity/scratch/cwicly-rebuild/cwicly/core/includes/classes/class-setup.php on line 894
[18-Mar-2026 01:55:58 UTC] PHP Parse error:  syntax error, unexpected token "public" in /home/gideon/.gemini/antigravity/scratch/cwicly-rebuild/cwicly/core/includes/classes/class-setup.php on line 894
[18-Mar-2026 01:55:59 UTC] PHP Parse error:  syntax error, unexpected token "public" in /home/gideon/.gemini/antigravity/scratch/cwicly-rebuild/cwicly/core/includes/classes/class-setup.php on line 894
[18-Mar-2026 01:56:01 UTC] PHP Parse error:  syntax error, unexpected token "public" in /home/gideon/.gemini/antigravity/scratch/cwicly-rebuild/cwicly/core/includes/classes/class-setup.php on line 894
[18-Mar-2026 01:56:01 UTC] PHP Parse error:  syntax error, unexpected token "public" in /home/gideon/.gemini/antigravity/scratch/cwicly-rebuild/cwicly/core/includes/classes/class-setup.php on line 894
[18-Mar-2026 01:56:02 UTC] PHP Parse error:  syntax error, unexpected token "public" in /home/gideon/.gemini/antigravity/scratch/cwicly-rebuild/cwicly/core/includes/classes/class-setup.php on line 894
[18-Mar-2026 01:56:02 UTC] PHP Parse error:  syntax error, unexpected token "public" in /home/gideon/.gemini/antigravity/scratch/cwicly-rebuild/cwicly/core/includes/classes/class-setup.php on line 894
[18-Mar-2026 01:56:03 UTC] PHP Parse error:  syntax error, unexpected token "public" in /home/gideon/.gemini/antigravity/scratch/cwicly-rebuild/cwicly/core/includes/classes/class-setup.php on line 894
[18-Mar-2026 01:56:03 UTC] PHP Parse error:  syntax error, unexpected token "public" in /home/gideon/.gemini/antigravity/scratch/cwicly-rebuild/cwicly/core/includes/classes/class-setup.php on line 894
[18-Mar-2026 01:56:04 UTC] PHP Parse error:  syntax error, unexpected token "public" in /home/gideon/.gemini/antigravity/scratch/cwicly-rebuild/cwicly/core/includes/classes/class-setup.php on line 894
[18-Mar-2026 01:56:05 UTC] PHP Parse error:  syntax error, unexpected token "public" in /home/gideon/.gemini/antigravity/scratch/cwicly-rebuild/cwicly/core/includes/classes/class-setup.php on line 894
[18-Mar-2026 01:56:07 UTC] PHP Parse error:  syntax error, unexpected token "public" in /home/gideon/.gemini/antigravity/scratch/cwicly-rebuild/cwicly/core/includes/classes/class-setup.php on line 894
[18-Mar-2026 01:56:07 UTC] PHP Parse error:  syntax error, unexpected token "public" in /home/gideon/.gemini/antigravity/scratch/cwicly-rebuild/cwicly/core/includes/classes/class-setup.php on line 894
[18-Mar-2026 01:56:07 UTC] PHP Parse error:  syntax error, unexpected token "public" in /home/gideon/.gemini/antigravity/scratch/cwicly-rebuild/cwicly/core/includes/classes/class-setup.php on line 894
[18-Mar-2026 01:56:09 UTC] PHP Parse error:  syntax error, unexpected token "public" in /home/gideon/.gemini/antigravity/scratch/cwicly-rebuild/cwicly/core/includes/classes/class-setup.php on line 894
[18-Mar-2026 01:56:11 UTC] PHP Parse error:  syntax error, unexpected token "public" in /home/gideon/.gemini/antigravity/scratch/cwicly-rebuild/cwicly/core/includes/classes/class-setup.php on line 894
[18-Mar-2026 01:56:11 UTC] PHP Parse error:  syntax error, unexpected token "public" in /home/gideon/.gemini/antigravity/scratch/cwicly-rebuild/cwicly/core/includes/classes/class-setup.php on line 894
[18-Mar-2026 01:56:12 UTC] PHP Parse error:  syntax error, unexpected token "public" in /home/gideon/.gemini/antigravity/scratch/cwicly-rebuild/cwicly/core/includes/classes/class-setup.php on line 894
[18-Mar-2026 01:56:12 UTC] PHP Parse error:  syntax error, unexpected token "public" in /home/gideon/.gemini/antigravity/scratch/cwicly-rebuild/cwicly/core/includes/classes/class-setup.php on line 894
[18-Mar-2026 01:56:13 UTC] PHP Parse error:  syntax error, unexpected token "public" in /home/gideon/.gemini/antigravity/scratch/cwicly-rebuild/cwicly/core/includes/classes/class-setup.php on line 894
[18-Mar-2026 01:56:13 UTC] PHP Parse error:  syntax error, unexpected token "public" in /home/gideon/.gemini/antigravity/scratch/cwicly-rebuild/cwicly/core/includes/classes/class-setup.php on line 894
[18-Mar-2026 01:56:14 UTC] PHP Parse error:  syntax error, unexpected token "public" in /home/gideon/.gemini/antigravity/scratch/cwicly-rebuild/cwicly/core/includes/classes/class-setup.php on line 894
[18-Mar-2026 01:56:15 UTC] PHP Parse error:  syntax error, unexpected token "public" in /home/gideon/.gemini/antigravity/scratch/cwicly-rebuild/cwicly/core/includes/classes/class-setup.php on line 894
[18-Mar-2026 01:56:17 UTC] PHP Parse error:  syntax error, unexpected token "public" in /home/gideon/.gemini/antigravity/scratch/cwicly-rebuild/cwicly/core/includes/classes/class-setup.php on line 894
[18-Mar-2026 01:56:17 UTC] PHP Parse error:  syntax error, unexpected token "public" in /home/gideon/.gemini/antigravity/scratch/cwicly-rebuild/cwicly/core/includes/classes/class-setup.php on line 894
[18-Mar-2026 01:56:17 UTC] PHP Parse error:  syntax error, unexpected token "public" in /home/gideon/.gemini/antigravity/scratch/cwicly-rebuild/cwicly/core/includes/classes/class-setup.php on line 894
[18-Mar-2026 01:56:19 UTC] PHP Parse error:  syntax error, unexpected token "public" in /home/gideon/.gemini/antigravity/scratch/cwicly-rebuild/cwicly/core/includes/classes/class-setup.php on line 894
[18-Mar-2026 01:56:21 UTC] PHP Parse error:  syntax error, unexpected token "public" in /home/gideon/.gemini/antigravity/scratch/cwicly-rebuild/cwicly/core/includes/classes/class-setup.php on line 894
[18-Mar-2026 01:56:21 UTC] PHP Parse error:  syntax error, unexpected token "public" in /home/gideon/.gemini/antigravity/scratch/cwicly-rebuild/cwicly/core/includes/classes/class-setup.php on line 894
[18-Mar-2026 01:56:22 UTC] PHP Parse error:  syntax error, unexpected token "public" in /home/gideon/.gemini/antigravity/scratch/cwicly-rebuild/cwicly/core/includes/classes/class-setup.php on line 894
[18-Mar-2026 01:56:23 UTC] PHP Parse error:  syntax error, unexpected token "public" in /home/gideon/.gemini/antigravity/scratch/cwicly-rebuild/cwicly/core/includes/classes/class-setup.php on line 894
[18-Mar-2026 01:56:23 UTC] PHP Parse error:  syntax error, unexpected token "public" in /home/gideon/.gemini/antigravity/scratch/cwicly-rebuild/cwicly/core/includes/classes/class-setup.php on line 894
[18-Mar-2026 01:56:23 UTC] PHP Parse error:  syntax error, unexpected token "public" in /home/gideon/.gemini/antigravity/scratch/cwicly-rebuild/cwicly/core/includes/classes/class-setup.php on line 894
[18-Mar-2026 01:56:24 UTC] PHP Parse error:  syntax error, unexpected token "public" in /home/gideon/.gemini/antigravity/scratch/cwicly-rebuild/cwicly/core/includes/classes/class-setup.php on line 894
[18-Mar-2026 01:56:25 UTC] PHP Parse error:  syntax error, unexpected token "public" in /home/gideon/.gemini/antigravity/scratch/cwicly-rebuild/cwicly/core/includes/classes/class-setup.php on line 894
[18-Mar-2026 01:56:27 UTC] PHP Parse error:  syntax error, unexpected token "public" in /home/gideon/.gemini/antigravity/scratch/cwicly-rebuild/cwicly/core/includes/classes/class-setup.php on line 894
[18-Mar-2026 01:56:27 UTC] PHP Parse error:  syntax error, unexpected token "public" in /home/gideon/.gemini/antigravity/scratch/cwicly-rebuild/cwicly/core/includes/classes/class-setup.php on line 894
[18-Mar-2026 01:56:27 UTC] PHP Parse error:  syntax error, unexpected token "public" in /home/gideon/.gemini/antigravity/scratch/cwicly-rebuild/cwicly/core/includes/classes/class-setup.php on line 894
[18-Mar-2026 01:56:29 UTC] PHP Parse error:  syntax error, unexpected token "public" in /home/gideon/.gemini/antigravity/scratch/cwicly-rebuild/cwicly/core/includes/classes/class-setup.php on line 894
[18-Mar-2026 01:56:31 UTC] PHP Parse error:  syntax error, unexpected token "public" in /home/gideon/.gemini/antigravity/scratch/cwicly-rebuild/cwicly/core/includes/classes/class-setup.php on line 894
[18-Mar-2026 01:56:31 UTC] PHP Parse error:  syntax error, unexpected token "public" in /home/gideon/.gemini/antigravity/scratch/cwicly-rebuild/cwicly/core/includes/classes/class-setup.php on line 894
[18-Mar-2026 01:56:31 UTC] PHP Parse error:  syntax error, unexpected token "public" in /home/gideon/.gemini/antigravity/scratch/cwicly-rebuild/cwicly/core/includes/classes/class-setup.php on line 894
[18-Mar-2026 01:56:32 UTC] PHP Parse error:  syntax error, unexpected token "public" in /home/gideon/.gemini/antigravity/scratch/cwicly-rebuild/cwicly/core/includes/classes/class-setup.php on line 894
[18-Mar-2026 01:56:33 UTC] PHP Parse error:  syntax error, unexpected token "public" in /home/gideon/.gemini/antigravity/scratch/cwicly-rebuild/cwicly/core/includes/classes/class-setup.php on line 894
[18-Mar-2026 01:56:33 UTC] PHP Parse error:  syntax error, unexpected token "public" in /home/gideon/.gemini/antigravity/scratch/cwicly-rebuild/cwicly/core/includes/classes/class-setup.php on line 894
[18-Mar-2026 01:56:33 UTC] PHP Parse error:  syntax error, unexpected token "public" in /home/gideon/.gemini/antigravity/scratch/cwicly-rebuild/cwicly/core/includes/classes/class-setup.php on line 894
[18-Mar-2026 01:56:34 UTC] PHP Parse error:  syntax error, unexpected token "public" in /home/gideon/.gemini/antigravity/scratch/cwicly-rebuild/cwicly/core/includes/classes/class-setup.php on line 894
[18-Mar-2026 01:56:35 UTC] PHP Parse error:  syntax error, unexpected token "public" in /home/gideon/.gemini/antigravity/scratch/cwicly-rebuild/cwicly/core/includes/classes/class-setup.php on line 894
[18-Mar-2026 01:56:37 UTC] PHP Parse error:  syntax error, unexpected token "public" in /home/gideon/.gemini/antigravity/scratch/cwicly-rebuild/cwicly/core/includes/classes/class-setup.php on line 894
[18-Mar-2026 01:56:37 UTC] PHP Parse error:  syntax error, unexpected token "public" in /home/gideon/.gemini/antigravity/scratch/cwicly-rebuild/cwicly/core/includes/classes/class-setup.php on line 894
[18-Mar-2026 01:56:37 UTC] PHP Parse error:  syntax error, unexpected token "public" in /home/gideon/.gemini/antigravity/scratch/cwicly-rebuild/cwicly/core/includes/classes/class-setup.php on line 894
[18-Mar-2026 01:56:39 UTC] PHP Parse error:  syntax error, unexpected token "public" in /home/gideon/.gemini/antigravity/scratch/cwicly-rebuild/cwicly/core/includes/classes/class-setup.php on line 894
[18-Mar-2026 01:56:41 UTC] PHP Parse error:  syntax error, unexpected token "public" in /home/gideon/.gemini/antigravity/scratch/cwicly-rebuild/cwicly/core/includes/classes/class-setup.php on line 894
[18-Mar-2026 01:56:41 UTC] PHP Parse error:  syntax error, unexpected token "public" in /home/gideon/.gemini/antigravity/scratch/cwicly-rebuild/cwicly/core/includes/classes/class-setup.php on line 894
[18-Mar-2026 01:56:41 UTC] PHP Parse error:  syntax error, unexpected token "public" in /home/gideon/.gemini/antigravity/scratch/cwicly-rebuild/cwicly/core/includes/classes/class-setup.php on line 894
[18-Mar-2026 01:56:42 UTC] PHP Parse error:  syntax error, unexpected token "public" in /home/gideon/.gemini/antigravity/scratch/cwicly-rebuild/cwicly/core/includes/classes/class-setup.php on line 894
[18-Mar-2026 01:56:42 UTC] PHP Parse error:  syntax error, unexpected token "public" in /home/gideon/.gemini/antigravity/scratch/cwicly-rebuild/cwicly/core/includes/classes/class-setup.php on line 894
[18-Mar-2026 01:56:43 UTC] PHP Parse error:  syntax error, unexpected token "public" in /home/gideon/.gemini/antigravity/scratch/cwicly-rebuild/cwicly/core/includes/classes/class-setup.php on line 894
[18-Mar-2026 01:56:43 UTC] PHP Parse error:  syntax error, unexpected token "public" in /home/gideon/.gemini/antigravity/scratch/cwicly-rebuild/cwicly/core/includes/classes/class-setup.php on line 894
[18-Mar-2026 01:56:44 UTC] PHP Parse error:  syntax error, unexpected token "public" in /home/gideon/.gemini/antigravity/scratch/cwicly-rebuild/cwicly/core/includes/classes/class-setup.php on line 894
[18-Mar-2026 01:56:45 UTC] PHP Parse error:  syntax error, unexpected token "public" in /home/gideon/.gemini/antigravity/scratch/cwicly-rebuild/cwicly/core/includes/classes/class-setup.php on line 894
[18-Mar-2026 01:56:47 UTC] PHP Parse error:  syntax error, unexpected token "public" in /home/gideon/.gemini/antigravity/scratch/cwicly-rebuild/cwicly/core/includes/classes/class-setup.php on line 894
[18-Mar-2026 01:56:47 UTC] PHP Parse error:  syntax error, unexpected token "public" in /home/gideon/.gemini/antigravity/scratch/cwicly-rebuild/cwicly/core/includes/classes/class-setup.php on line 894
[18-Mar-2026 01:56:47 UTC] PHP Parse error:  syntax error, unexpected token "public" in /home/gideon/.gemini/antigravity/scratch/cwicly-rebuild/cwicly/core/includes/classes/class-setup.php on line 894
[18-Mar-2026 01:56:49 UTC] PHP Parse error:  syntax error, unexpected token "public" in /home/gideon/.gemini/antigravity/scratch/cwicly-rebuild/cwicly/core/includes/classes/class-setup.php on line 894
[18-Mar-2026 01:56:51 UTC] PHP Parse error:  syntax error, unexpected token "public" in /home/gideon/.gemini/antigravity/scratch/cwicly-rebuild/cwicly/core/includes/classes/class-setup.php on line 894
[18-Mar-2026 01:56:51 UTC] PHP Parse error:  syntax error, unexpected token "public" in /home/gideon/.gemini/antigravity/scratch/cwicly-rebuild/cwicly/core/includes/classes/class-setup.php on line 894
[18-Mar-2026 01:56:52 UTC] PHP Parse error:  syntax error, unexpected token "public" in /home/gideon/.gemini/antigravity/scratch/cwicly-rebuild/cwicly/core/includes/classes/class-setup.php on line 894
[18-Mar-2026 01:56:52 UTC] PHP Parse error:  syntax error, unexpected token "public" in /home/gideon/.gemini/antigravity/scratch/cwicly-rebuild/cwicly/core/includes/classes/class-setup.php on line 894
[18-Mar-2026 01:56:53 UTC] PHP Parse error:  syntax error, unexpected token "public" in /home/gideon/.gemini/antigravity/scratch/cwicly-rebuild/cwicly/core/includes/classes/class-setup.php on line 894
[18-Mar-2026 01:56:53 UTC] PHP Parse error:  syntax error, unexpected token "public" in /home/gideon/.gemini/antigravity/scratch/cwicly-rebuild/cwicly/core/includes/classes/class-setup.php on line 894
[18-Mar-2026 01:56:54 UTC] PHP Parse error:  syntax error, unexpected token "public" in /home/gideon/.gemini/antigravity/scratch/cwicly-rebuild/cwicly/core/includes/classes/class-setup.php on line 894
[18-Mar-2026 01:56:55 UTC] PHP Parse error:  syntax error, unexpected token "public" in /home/gideon/.gemini/antigravity/scratch/cwicly-rebuild/cwicly/core/includes/classes/class-setup.php on line 894
[18-Mar-2026 01:56:57 UTC] PHP Parse error:  syntax error, unexpected token "public" in /home/gideon/.gemini/antigravity/scratch/cwicly-rebuild/cwicly/core/includes/classes/class-setup.php on line 894
[18-Mar-2026 01:56:57 UTC] PHP Parse error:  syntax error, unexpected token "public" in /home/gideon/.gemini/antigravity/scratch/cwicly-rebuild/cwicly/core/includes/classes/class-setup.php on line 894
[18-Mar-2026 01:56:57 UTC] PHP Parse error:  syntax error, unexpected token "public" in /home/gideon/.gemini/antigravity/scratch/cwicly-rebuild/cwicly/core/includes/classes/class-setup.php on line 894
[18-Mar-2026 01:56:59 UTC] PHP Parse error:  syntax error, unexpected token "public" in /home/gideon/.gemini/antigravity/scratch/cwicly-rebuild/cwicly/core/includes/classes/class-setup.php on line 894
[18-Mar-2026 01:56:59 UTC] PHP Parse error:  syntax error, unexpected token "public" in /home/gideon/.gemini/antigravity/scratch/cwicly-rebuild/cwicly/core/includes/classes/class-setup.php on line 894
[18-Mar-2026 01:57:01 UTC] PHP Parse error:  syntax error, unexpected token "public" in /home/gideon/.gemini/antigravity/scratch/cwicly-rebuild/cwicly/core/includes/classes/class-setup.php on line 894
[18-Mar-2026 01:57:01 UTC] PHP Parse error:  syntax error, unexpected token "public" in /home/gideon/.gemini/antigravity/scratch/cwicly-rebuild/cwicly/core/includes/classes/class-setup.php on line 894
[18-Mar-2026 01:57:02 UTC] PHP Parse error:  syntax error, unexpected token "public" in /home/gideon/.gemini/antigravity/scratch/cwicly-rebuild/cwicly/core/includes/classes/class-setup.php on line 894
[18-Mar-2026 01:57:02 UTC] PHP Parse error:  syntax error, unexpected token "public" in /home/gideon/.gemini/antigravity/scratch/cwicly-rebuild/cwicly/core/includes/classes/class-setup.php on line 894
[18-Mar-2026 01:57:03 UTC] PHP Parse error:  syntax error, unexpected token "public" in /home/gideon/.gemini/antigravity/scratch/cwicly-rebuild/cwicly/core/includes/classes/class-setup.php on line 894
[18-Mar-2026 01:57:03 UTC] PHP Parse error:  syntax error, unexpected token "public" in /home/gideon/.gemini/antigravity/scratch/cwicly-rebuild/cwicly/core/includes/classes/class-setup.php on line 894
[18-Mar-2026 01:57:04 UTC] PHP Parse error:  syntax error, unexpected token "public" in /home/gideon/.gemini/antigravity/scratch/cwicly-rebuild/cwicly/core/includes/classes/class-setup.php on line 894
[18-Mar-2026 01:57:05 UTC] PHP Parse error:  syntax error, unexpected token "public" in /home/gideon/.gemini/antigravity/scratch/cwicly-rebuild/cwicly/core/includes/classes/class-setup.php on line 894
[18-Mar-2026 01:57:07 UTC] PHP Parse error:  syntax error, unexpected token "public" in /home/gideon/.gemini/antigravity/scratch/cwicly-rebuild/cwicly/core/includes/classes/class-setup.php on line 894
[18-Mar-2026 01:57:07 UTC] PHP Parse error:  syntax error, unexpected token "public" in /home/gideon/.gemini/antigravity/scratch/cwicly-rebuild/cwicly/core/includes/classes/class-setup.php on line 894
[18-Mar-2026 01:57:07 UTC] PHP Parse error:  syntax error, unexpected token "public" in /home/gideon/.gemini/antigravity/scratch/cwicly-rebuild/cwicly/core/includes/classes/class-setup.php on line 894
[18-Mar-2026 01:57:09 UTC] PHP Parse error:  syntax error, unexpected token "public" in /home/gideon/.gemini/antigravity/scratch/cwicly-rebuild/cwicly/core/includes/classes/class-setup.php on line 894
[18-Mar-2026 01:57:11 UTC] PHP Parse error:  syntax error, unexpected token "public" in /home/gideon/.gemini/antigravity/scratch/cwicly-rebuild/cwicly/core/includes/classes/class-setup.php on line 894
[18-Mar-2026 01:57:11 UTC] PHP Parse error:  syntax error, unexpected token "public" in /home/gideon/.gemini/antigravity/scratch/cwicly-rebuild/cwicly/core/includes/classes/class-setup.php on line 894
[18-Mar-2026 01:57:12 UTC] PHP Parse error:  syntax error, unexpected token "public" in /home/gideon/.gemini/antigravity/scratch/cwicly-rebuild/cwicly/core/includes/classes/class-setup.php on line 894
[18-Mar-2026 01:57:12 UTC] PHP Parse error:  syntax error, unexpected token "public" in /home/gideon/.gemini/antigravity/scratch/cwicly-rebuild/cwicly/core/includes/classes/class-setup.php on line 894
[18-Mar-2026 01:57:13 UTC] PHP Parse error:  syntax error, unexpected token "public" in /home/gideon/.gemini/antigravity/scratch/cwicly-rebuild/cwicly/core/includes/classes/class-setup.php on line 894
[18-Mar-2026 01:57:13 UTC] PHP Parse error:  syntax error, unexpected token "public" in /home/gideon/.gemini/antigravity/scratch/cwicly-rebuild/cwicly/core/includes/classes/class-setup.php on line 894
[18-Mar-2026 01:57:14 UTC] PHP Parse error:  syntax error, unexpected token "public" in /home/gideon/.gemini/antigravity/scratch/cwicly-rebuild/cwicly/core/includes/classes/class-setup.php on line 894
[18-Mar-2026 01:57:15 UTC] PHP Parse error:  syntax error, unexpected token "public" in /home/gideon/.gemini/antigravity/scratch/cwicly-rebuild/cwicly/core/includes/classes/class-setup.php on line 894
[18-Mar-2026 01:57:17 UTC] PHP Parse error:  syntax error, unexpected token "public" in /home/gideon/.gemini/antigravity/scratch/cwicly-rebuild/cwicly/core/includes/classes/class-setup.php on line 894
[18-Mar-2026 01:57:17 UTC] PHP Parse error:  syntax error, unexpected token "public" in /home/gideon/.gemini/antigravity/scratch/cwicly-rebuild/cwicly/core/includes/classes/class-setup.php on line 894
[18-Mar-2026 01:57:17 UTC] PHP Parse error:  syntax error, unexpected token "public" in /home/gideon/.gemini/antigravity/scratch/cwicly-rebuild/cwicly/core/includes/classes/class-setup.php on line 894
[18-Mar-2026 01:57:19 UTC] PHP Parse error:  syntax error, unexpected token "public" in /home/gideon/.gemini/antigravity/scratch/cwicly-rebuild/cwicly/core/includes/classes/class-setup.php on line 894
[18-Mar-2026 01:57:21 UTC] PHP Parse error:  syntax error, unexpected token "public" in /home/gideon/.gemini/antigravity/scratch/cwicly-rebuild/cwicly/core/includes/classes/class-setup.php on line 894
[18-Mar-2026 01:57:21 UTC] PHP Parse error:  syntax error, unexpected token "public" in /home/gideon/.gemini/antigravity/scratch/cwicly-rebuild/cwicly/core/includes/classes/class-setup.php on line 894
[18-Mar-2026 01:57:22 UTC] PHP Parse error:  syntax error, unexpected token "public" in /home/gideon/.gemini/antigravity/scratch/cwicly-rebuild/cwicly/core/includes/classes/class-setup.php on line 894
[18-Mar-2026 01:57:22 UTC] PHP Parse error:  syntax error, unexpected token "public" in /home/gideon/.gemini/antigravity/scratch/cwicly-rebuild/cwicly/core/includes/classes/class-setup.php on line 894
[18-Mar-2026 01:57:23 UTC] PHP Parse error:  syntax error, unexpected token "public" in /home/gideon/.gemini/antigravity/scratch/cwicly-rebuild/cwicly/core/includes/classes/class-setup.php on line 894
[18-Mar-2026 01:57:23 UTC] PHP Parse error:  syntax error, unexpected token "public" in /home/gideon/.gemini/antigravity/scratch/cwicly-rebuild/cwicly/core/includes/classes/class-setup.php on line 894
[18-Mar-2026 01:57:24 UTC] PHP Parse error:  syntax error, unexpected token "public" in /home/gideon/.gemini/antigravity/scratch/cwicly-rebuild/cwicly/core/includes/classes/class-setup.php on line 894
[18-Mar-2026 01:57:25 UTC] PHP Parse error:  syntax error, unexpected token "public" in /home/gideon/.gemini/antigravity/scratch/cwicly-rebuild/cwicly/core/includes/classes/class-setup.php on line 894
[18-Mar-2026 01:57:27 UTC] PHP Parse error:  syntax error, unexpected token "public" in /home/gideon/.gemini/antigravity/scratch/cwicly-rebuild/cwicly/core/includes/classes/class-setup.php on line 894
[18-Mar-2026 01:57:27 UTC] PHP Parse error:  syntax error, unexpected token "public" in /home/gideon/.gemini/antigravity/scratch/cwicly-rebuild/cwicly/core/includes/classes/class-setup.php on line 894
[18-Mar-2026 01:57:27 UTC] PHP Parse error:  syntax error, unexpected token "public" in /home/gideon/.gemini/antigravity/scratch/cwicly-rebuild/cwicly/core/includes/classes/class-setup.php on line 894
[18-Mar-2026 01:57:29 UTC] PHP Parse error:  syntax error, unexpected token "public" in /home/gideon/.gemini/antigravity/scratch/cwicly-rebuild/cwicly/core/includes/classes/class-setup.php on line 894
[18-Mar-2026 01:57:31 UTC] PHP Parse error:  syntax error, unexpected token "public" in /home/gideon/.gemini/antigravity/scratch/cwicly-rebuild/cwicly/core/includes/classes/class-setup.php on line 894
[18-Mar-2026 01:57:31 UTC] PHP Parse error:  syntax error, unexpected token "public" in /home/gideon/.gemini/antigravity/scratch/cwicly-rebuild/cwicly/core/includes/classes/class-setup.php on line 894
[18-Mar-2026 01:57:31 UTC] PHP Parse error:  syntax error, unexpected token "public" in /home/gideon/.gemini/antigravity/scratch/cwicly-rebuild/cwicly/core/includes/classes/class-setup.php on line 894
[18-Mar-2026 01:57:32 UTC] PHP Parse error:  syntax error, unexpected token "public" in /home/gideon/.gemini/antigravity/scratch/cwicly-rebuild/cwicly/core/includes/classes/class-setup.php on line 894
[18-Mar-2026 01:57:32 UTC] PHP Parse error:  syntax error, unexpected token "public" in /home/gideon/.gemini/antigravity/scratch/cwicly-rebuild/cwicly/core/includes/classes/class-setup.php on line 894
[18-Mar-2026 01:57:33 UTC] PHP Parse error:  syntax error, unexpected token "public" in /home/gideon/.gemini/antigravity/scratch/cwicly-rebuild/cwicly/core/includes/classes/class-setup.php on line 894
[18-Mar-2026 01:57:33 UTC] PHP Parse error:  syntax error, unexpected token "public" in /home/gideon/.gemini/antigravity/scratch/cwicly-rebuild/cwicly/core/includes/classes/class-setup.php on line 894
[18-Mar-2026 01:57:34 UTC] PHP Parse error:  syntax error, unexpected token "public" in /home/gideon/.gemini/antigravity/scratch/cwicly-rebuild/cwicly/core/includes/classes/class-setup.php on line 894
[18-Mar-2026 01:57:35 UTC] PHP Parse error:  syntax error, unexpected token "public" in /home/gideon/.gemini/antigravity/scratch/cwicly-rebuild/cwicly/core/includes/classes/class-setup.php on line 894
[18-Mar-2026 01:57:37 UTC] PHP Parse error:  syntax error, unexpected token "public" in /home/gideon/.gemini/antigravity/scratch/cwicly-rebuild/cwicly/core/includes/classes/class-setup.php on line 894
[18-Mar-2026 01:57:37 UTC] PHP Parse error:  syntax error, unexpected token "public" in /home/gideon/.gemini/antigravity/scratch/cwicly-rebuild/cwicly/core/includes/classes/class-setup.php on line 894
[18-Mar-2026 01:57:37 UTC] PHP Parse error:  syntax error, unexpected token "public" in /home/gideon/.gemini/antigravity/scratch/cwicly-rebuild/cwicly/core/includes/classes/class-setup.php on line 894
[18-Mar-2026 01:57:39 UTC] PHP Parse error:  syntax error, unexpected token "public" in /home/gideon/.gemini/antigravity/scratch/cwicly-rebuild/cwicly/core/includes/classes/class-setup.php on line 894
[18-Mar-2026 01:57:41 UTC] PHP Parse error:  syntax error, unexpected token "public" in /home/gideon/.gemini/antigravity/scratch/cwicly-rebuild/cwicly/core/includes/classes/class-setup.php on line 894
[18-Mar-2026 01:57:41 UTC] PHP Parse error:  syntax error, unexpected token "public" in /home/gideon/.gemini/antigravity/scratch/cwicly-rebuild/cwicly/core/includes/classes/class-setup.php on line 894
[18-Mar-2026 01:57:41 UTC] PHP Parse error:  syntax error, unexpected token "public" in /home/gideon/.gemini/antigravity/scratch/cwicly-rebuild/cwicly/core/includes/classes/class-setup.php on line 894
[18-Mar-2026 01:57:42 UTC] PHP Parse error:  syntax error, unexpected token "public" in /home/gideon/.gemini/antigravity/scratch/cwicly-rebuild/cwicly/core/includes/classes/class-setup.php on line 894
[18-Mar-2026 01:57:42 UTC] PHP Parse error:  syntax error, unexpected token "public" in /home/gideon/.gemini/antigravity/scratch/cwicly-rebuild/cwicly/core/includes/classes/class-setup.php on line 894
[18-Mar-2026 01:57:43 UTC] PHP Parse error:  syntax error, unexpected token "public" in /home/gideon/.gemini/antigravity/scratch/cwicly-rebuild/cwicly/core/includes/classes/class-setup.php on line 894
[18-Mar-2026 01:57:43 UTC] PHP Parse error:  syntax error, unexpected token "public" in /home/gideon/.gemini/antigravity/scratch/cwicly-rebuild/cwicly/core/includes/classes/class-setup.php on line 894
[18-Mar-2026 01:57:44 UTC] PHP Parse error:  syntax error, unexpected token "public" in /home/gideon/.gemini/antigravity/scratch/cwicly-rebuild/cwicly/core/includes/classes/class-setup.php on line 894
[18-Mar-2026 01:57:45 UTC] PHP Parse error:  syntax error, unexpected token "public" in /home/gideon/.gemini/antigravity/scratch/cwicly-rebuild/cwicly/core/includes/classes/class-setup.php on line 894
[18-Mar-2026 01:57:47 UTC] PHP Parse error:  syntax error, unexpected token "public" in /home/gideon/.gemini/antigravity/scratch/cwicly-rebuild/cwicly/core/includes/classes/class-setup.php on line 894
[18-Mar-2026 01:57:47 UTC] PHP Parse error:  syntax error, unexpected token "public" in /home/gideon/.gemini/antigravity/scratch/cwicly-rebuild/cwicly/core/includes/classes/class-setup.php on line 894
[18-Mar-2026 01:57:47 UTC] PHP Parse error:  syntax error, unexpected token "public" in /home/gideon/.gemini/antigravity/scratch/cwicly-rebuild/cwicly/core/includes/classes/class-setup.php on line 894
[18-Mar-2026 01:57:49 UTC] PHP Parse error:  syntax error, unexpected token "public" in /home/gideon/.gemini/antigravity/scratch/cwicly-rebuild/cwicly/core/includes/classes/class-setup.php on line 894
[18-Mar-2026 01:57:51 UTC] PHP Parse error:  syntax error, unexpected token "public" in /home/gideon/.gemini/antigravity/scratch/cwicly-rebuild/cwicly/core/includes/classes/class-setup.php on line 894
[18-Mar-2026 01:57:51 UTC] PHP Parse error:  syntax error, unexpected token "public" in /home/gideon/.gemini/antigravity/scratch/cwicly-rebuild/cwicly/core/includes/classes/class-setup.php on line 894
[18-Mar-2026 01:57:52 UTC] PHP Parse error:  syntax error, unexpected token "public" in /home/gideon/.gemini/antigravity/scratch/cwicly-rebuild/cwicly/core/includes/classes/class-setup.php on line 894
[18-Mar-2026 01:57:52 UTC] PHP Parse error:  syntax error, unexpected token "public" in /home/gideon/.gemini/antigravity/scratch/cwicly-rebuild/cwicly/core/includes/classes/class-setup.php on line 894
[18-Mar-2026 01:57:53 UTC] PHP Parse error:  syntax error, unexpected token "public" in /home/gideon/.gemini/antigravity/scratch/cwicly-rebuild/cwicly/core/includes/classes/class-setup.php on line 894
[18-Mar-2026 01:57:53 UTC] PHP Parse error:  syntax error, unexpected token "public" in /home/gideon/.gemini/antigravity/scratch/cwicly-rebuild/cwicly/core/includes/classes/class-setup.php on line 894
[18-Mar-2026 01:57:54 UTC] PHP Parse error:  syntax error, unexpected token "public" in /home/gideon/.gemini/antigravity/scratch/cwicly-rebuild/cwicly/core/includes/classes/class-setup.php on line 894
[18-Mar-2026 01:57:55 UTC] PHP Parse error:  syntax error, unexpected token "public" in /home/gideon/.gemini/antigravity/scratch/cwicly-rebuild/cwicly/core/includes/classes/class-setup.php on line 894
[18-Mar-2026 01:57:57 UTC] PHP Parse error:  syntax error, unexpected token "public" in /home/gideon/.gemini/antigravity/scratch/cwicly-rebuild/cwicly/core/includes/classes/class-setup.php on line 894
[18-Mar-2026 01:57:57 UTC] PHP Parse error:  syntax error, unexpected token "public" in /home/gideon/.gemini/antigravity/scratch/cwicly-rebuild/cwicly/core/includes/classes/class-setup.php on line 894
[18-Mar-2026 01:57:57 UTC] PHP Parse error:  syntax error, unexpected token "public" in /home/gideon/.gemini/antigravity/scratch/cwicly-rebuild/cwicly/core/includes/classes/class-setup.php on line 894
[18-Mar-2026 01:57:59 UTC] PHP Parse error:  syntax error, unexpected token "public" in /home/gideon/.gemini/antigravity/scratch/cwicly-rebuild/cwicly/core/includes/classes/class-setup.php on line 894
[18-Mar-2026 01:58:01 UTC] PHP Parse error:  syntax error, unexpected token "public" in /home/gideon/.gemini/antigravity/scratch/cwicly-rebuild/cwicly/core/includes/classes/class-setup.php on line 894
[18-Mar-2026 01:58:01 UTC] PHP Parse error:  syntax error, unexpected token "public" in /home/gideon/.gemini/antigravity/scratch/cwicly-rebuild/cwicly/core/includes/classes/class-setup.php on line 894
[18-Mar-2026 01:58:02 UTC] PHP Parse error:  syntax error, unexpected token "public" in /home/gideon/.gemini/antigravity/scratch/cwicly-rebuild/cwicly/core/includes/classes/class-setup.php on line 894
[18-Mar-2026 01:58:02 UTC] PHP Parse error:  syntax error, unexpected token "public" in /home/gideon/.gemini/antigravity/scratch/cwicly-rebuild/cwicly/core/includes/classes/class-setup.php on line 894
[18-Mar-2026 01:58:03 UTC] PHP Parse error:  syntax error, unexpected token "public" in /home/gideon/.gemini/antigravity/scratch/cwicly-rebuild/cwicly/core/includes/classes/class-setup.php on line 894
[18-Mar-2026 01:58:03 UTC] PHP Parse error:  syntax error, unexpected token "public" in /home/gideon/.gemini/antigravity/scratch/cwicly-rebuild/cwicly/core/includes/classes/class-setup.php on line 894
[18-Mar-2026 01:58:04 UTC] PHP Parse error:  syntax error, unexpected token "public" in /home/gideon/.gemini/antigravity/scratch/cwicly-rebuild/cwicly/core/includes/classes/class-setup.php on line 894
[18-Mar-2026 01:58:05 UTC] PHP Parse error:  syntax error, unexpected token "public" in /home/gideon/.gemini/antigravity/scratch/cwicly-rebuild/cwicly/core/includes/classes/class-setup.php on line 894
[18-Mar-2026 01:58:07 UTC] PHP Parse error:  syntax error, unexpected token "public" in /home/gideon/.gemini/antigravity/scratch/cwicly-rebuild/cwicly/core/includes/classes/class-setup.php on line 894
[18-Mar-2026 01:58:07 UTC] PHP Parse error:  syntax error, unexpected token "public" in /home/gideon/.gemini/antigravity/scratch/cwicly-rebuild/cwicly/core/includes/classes/class-setup.php on line 894
[18-Mar-2026 01:58:07 UTC] PHP Parse error:  syntax error, unexpected token "public" in /home/gideon/.gemini/antigravity/scratch/cwicly-rebuild/cwicly/core/includes/classes/class-setup.php on line 894
[18-Mar-2026 01:58:09 UTC] PHP Parse error:  syntax error, unexpected token "public" in /home/gideon/.gemini/antigravity/scratch/cwicly-rebuild/cwicly/core/includes/classes/class-setup.php on line 894
[18-Mar-2026 01:58:11 UTC] PHP Parse error:  syntax error, unexpected token "public" in /home/gideon/.gemini/antigravity/scratch/cwicly-rebuild/cwicly/core/includes/classes/class-setup.php on line 894
[18-Mar-2026 01:58:11 UTC] PHP Parse error:  syntax error, unexpected token "public" in /home/gideon/.gemini/antigravity/scratch/cwicly-rebuild/cwicly/core/includes/classes/class-setup.php on line 894
[18-Mar-2026 01:58:12 UTC] PHP Parse error:  syntax error, unexpected token "public" in /home/gideon/.gemini/antigravity/scratch/cwicly-rebuild/cwicly/core/includes/classes/class-setup.php on line 894
[18-Mar-2026 01:58:12 UTC] PHP Parse error:  syntax error, unexpected token "public" in /home/gideon/.gemini/antigravity/scratch/cwicly-rebuild/cwicly/core/includes/classes/class-setup.php on line 894
[18-Mar-2026 01:58:13 UTC] PHP Parse error:  syntax error, unexpected token "public" in /home/gideon/.gemini/antigravity/scratch/cwicly-rebuild/cwicly/core/includes/classes/class-setup.php on line 894
[18-Mar-2026 01:58:13 UTC] PHP Parse error:  syntax error, unexpected token "public" in /home/gideon/.gemini/antigravity/scratch/cwicly-rebuild/cwicly/core/includes/classes/class-setup.php on line 894
[18-Mar-2026 01:58:14 UTC] PHP Parse error:  syntax error, unexpected token "public" in /home/gideon/.gemini/antigravity/scratch/cwicly-rebuild/cwicly/core/includes/classes/class-setup.php on line 894
[18-Mar-2026 01:58:15 UTC] PHP Parse error:  syntax error, unexpected token "public" in /home/gideon/.gemini/antigravity/scratch/cwicly-rebuild/cwicly/core/includes/classes/class-setup.php on line 894
[18-Mar-2026 01:58:17 UTC] PHP Parse error:  syntax error, unexpected token "public" in /home/gideon/.gemini/antigravity/scratch/cwicly-rebuild/cwicly/core/includes/classes/class-setup.php on line 894
[18-Mar-2026 01:58:17 UTC] PHP Parse error:  syntax error, unexpected token "public" in /home/gideon/.gemini/antigravity/scratch/cwicly-rebuild/cwicly/core/includes/classes/class-setup.php on line 894
[18-Mar-2026 01:58:17 UTC] PHP Parse error:  syntax error, unexpected token "public" in /home/gideon/.gemini/antigravity/scratch/cwicly-rebuild/cwicly/core/includes/classes/class-setup.php on line 894
[18-Mar-2026 01:58:19 UTC] PHP Parse error:  syntax error, unexpected token "public" in /home/gideon/.gemini/antigravity/scratch/cwicly-rebuild/cwicly/core/includes/classes/class-setup.php on line 894
[18-Mar-2026 01:58:21 UTC] PHP Parse error:  syntax error, unexpected token "public" in /home/gideon/.gemini/antigravity/scratch/cwicly-rebuild/cwicly/core/includes/classes/class-setup.php on line 894
[18-Mar-2026 01:58:21 UTC] PHP Parse error:  syntax error, unexpected token "public" in /home/gideon/.gemini/antigravity/scratch/cwicly-rebuild/cwicly/core/includes/classes/class-setup.php on line 894
[18-Mar-2026 01:58:22 UTC] PHP Parse error:  syntax error, unexpected token "public" in /home/gideon/.gemini/antigravity/scratch/cwicly-rebuild/cwicly/core/includes/classes/class-setup.php on line 894
[18-Mar-2026 01:58:22 UTC] PHP Parse error:  syntax error, unexpected token "public" in /home/gideon/.gemini/antigravity/scratch/cwicly-rebuild/cwicly/core/includes/classes/class-setup.php on line 894
[18-Mar-2026 01:58:23 UTC] PHP Parse error:  syntax error, unexpected token "public" in /home/gideon/.gemini/antigravity/scratch/cwicly-rebuild/cwicly/core/includes/classes/class-setup.php on line 894
[18-Mar-2026 01:58:23 UTC] PHP Parse error:  syntax error, unexpected token "public" in /home/gideon/.gemini/antigravity/scratch/cwicly-rebuild/cwicly/core/includes/classes/class-setup.php on line 894
[18-Mar-2026 01:58:24 UTC] PHP Parse error:  syntax error, unexpected token "public" in /home/gideon/.gemini/antigravity/scratch/cwicly-rebuild/cwicly/core/includes/classes/class-setup.php on line 894
[18-Mar-2026 01:58:25 UTC] PHP Parse error:  syntax error, unexpected token "public" in /home/gideon/.gemini/antigravity/scratch/cwicly-rebuild/cwicly/core/includes/classes/class-setup.php on line 894
[18-Mar-2026 01:58:27 UTC] PHP Parse error:  syntax error, unexpected token "public" in /home/gideon/.gemini/antigravity/scratch/cwicly-rebuild/cwicly/core/includes/classes/class-setup.php on line 894
[18-Mar-2026 01:58:27 UTC] PHP Parse error:  syntax error, unexpected token "public" in /home/gideon/.gemini/antigravity/scratch/cwicly-rebuild/cwicly/core/includes/classes/class-setup.php on line 894
[18-Mar-2026 01:58:27 UTC] PHP Parse error:  syntax error, unexpected token "public" in /home/gideon/.gemini/antigravity/scratch/cwicly-rebuild/cwicly/core/includes/classes/class-setup.php on line 894
[18-Mar-2026 01:58:30 UTC] PHP Parse error:  syntax error, unexpected token "public" in /home/gideon/.gemini/antigravity/scratch/cwicly-rebuild/cwicly/core/includes/classes/class-setup.php on line 894
[18-Mar-2026 01:58:31 UTC] PHP Parse error:  syntax error, unexpected token "public" in /home/gideon/.gemini/antigravity/scratch/cwicly-rebuild/cwicly/core/includes/classes/class-setup.php on line 894
[18-Mar-2026 01:58:31 UTC] PHP Parse error:  syntax error, unexpected token "public" in /home/gideon/.gemini/antigravity/scratch/cwicly-rebuild/cwicly/core/includes/classes/class-setup.php on line 894
[18-Mar-2026 01:58:32 UTC] PHP Parse error:  syntax error, unexpected token "public" in /home/gideon/.gemini/antigravity/scratch/cwicly-rebuild/cwicly/core/includes/classes/class-setup.php on line 894
[18-Mar-2026 01:58:32 UTC] PHP Parse error:  syntax error, unexpected token "public" in /home/gideon/.gemini/antigravity/scratch/cwicly-rebuild/cwicly/core/includes/classes/class-setup.php on line 894
[18-Mar-2026 01:58:32 UTC] PHP Parse error:  syntax error, unexpected token "public" in /home/gideon/.gemini/antigravity/scratch/cwicly-rebuild/cwicly/core/includes/classes/class-setup.php on line 894
[18-Mar-2026 01:58:33 UTC] PHP Parse error:  syntax error, unexpected token "public" in /home/gideon/.gemini/antigravity/scratch/cwicly-rebuild/cwicly/core/includes/classes/class-setup.php on line 894
[18-Mar-2026 01:58:33 UTC] PHP Parse error:  syntax error, unexpected token "public" in /home/gideon/.gemini/antigravity/scratch/cwicly-rebuild/cwicly/core/includes/classes/class-setup.php on line 894
[18-Mar-2026 01:58:34 UTC] PHP Parse error:  syntax error, unexpected token "public" in /home/gideon/.gemini/antigravity/scratch/cwicly-rebuild/cwicly/core/includes/classes/class-setup.php on line 894
[18-Mar-2026 01:58:35 UTC] PHP Parse error:  syntax error, unexpected token "public" in /home/gideon/.gemini/antigravity/scratch/cwicly-rebuild/cwicly/core/includes/classes/class-setup.php on line 894
[18-Mar-2026 01:58:37 UTC] PHP Parse error:  syntax error, unexpected token "public" in /home/gideon/.gemini/antigravity/scratch/cwicly-rebuild/cwicly/core/includes/classes/class-setup.php on line 894
[18-Mar-2026 01:58:37 UTC] PHP Parse error:  syntax error, unexpected token "public" in /home/gideon/.gemini/antigravity/scratch/cwicly-rebuild/cwicly/core/includes/classes/class-setup.php on line 894
[18-Mar-2026 01:58:37 UTC] PHP Parse error:  syntax error, unexpected token "public" in /home/gideon/.gemini/antigravity/scratch/cwicly-rebuild/cwicly/core/includes/classes/class-setup.php on line 894
[18-Mar-2026 01:58:39 UTC] PHP Parse error:  syntax error, unexpected token "public" in /home/gideon/.gemini/antigravity/scratch/cwicly-rebuild/cwicly/core/includes/classes/class-setup.php on line 894
[18-Mar-2026 01:58:41 UTC] PHP Parse error:  syntax error, unexpected token "public" in /home/gideon/.gemini/antigravity/scratch/cwicly-rebuild/cwicly/core/includes/classes/class-setup.php on line 894
[18-Mar-2026 01:58:41 UTC] PHP Parse error:  syntax error, unexpected token "public" in /home/gideon/.gemini/antigravity/scratch/cwicly-rebuild/cwicly/core/includes/classes/class-setup.php on line 894
[18-Mar-2026 01:58:42 UTC] PHP Parse error:  syntax error, unexpected token "public" in /home/gideon/.gemini/antigravity/scratch/cwicly-rebuild/cwicly/core/includes/classes/class-setup.php on line 894
[18-Mar-2026 01:58:42 UTC] PHP Parse error:  syntax error, unexpected token "public" in /home/gideon/.gemini/antigravity/scratch/cwicly-rebuild/cwicly/core/includes/classes/class-setup.php on line 894
[18-Mar-2026 01:58:42 UTC] PHP Parse error:  syntax error, unexpected token "public" in /home/gideon/.gemini/antigravity/scratch/cwicly-rebuild/cwicly/core/includes/classes/class-setup.php on line 894
[18-Mar-2026 01:58:43 UTC] PHP Parse error:  syntax error, unexpected token "public" in /home/gideon/.gemini/antigravity/scratch/cwicly-rebuild/cwicly/core/includes/classes/class-setup.php on line 894
[18-Mar-2026 01:58:43 UTC] PHP Parse error:  syntax error, unexpected token "public" in /home/gideon/.gemini/antigravity/scratch/cwicly-rebuild/cwicly/core/includes/classes/class-setup.php on line 894
[18-Mar-2026 01:58:44 UTC] PHP Parse error:  syntax error, unexpected token "public" in /home/gideon/.gemini/antigravity/scratch/cwicly-rebuild/cwicly/core/includes/classes/class-setup.php on line 894
[18-Mar-2026 01:58:45 UTC] PHP Parse error:  syntax error, unexpected token "public" in /home/gideon/.gemini/antigravity/scratch/cwicly-rebuild/cwicly/core/includes/classes/class-setup.php on line 894
[18-Mar-2026 01:58:47 UTC] PHP Parse error:  syntax error, unexpected token "public" in /home/gideon/.gemini/antigravity/scratch/cwicly-rebuild/cwicly/core/includes/classes/class-setup.php on line 894
[18-Mar-2026 01:58:47 UTC] PHP Parse error:  syntax error, unexpected token "public" in /home/gideon/.gemini/antigravity/scratch/cwicly-rebuild/cwicly/core/includes/classes/class-setup.php on line 894
[18-Mar-2026 01:58:47 UTC] PHP Parse error:  syntax error, unexpected token "public" in /home/gideon/.gemini/antigravity/scratch/cwicly-rebuild/cwicly/core/includes/classes/class-setup.php on line 894
[18-Mar-2026 01:58:49 UTC] PHP Parse error:  syntax error, unexpected token "public" in /home/gideon/.gemini/antigravity/scratch/cwicly-rebuild/cwicly/core/includes/classes/class-setup.php on line 894
[18-Mar-2026 01:58:51 UTC] PHP Parse error:  syntax error, unexpected token "public" in /home/gideon/.gemini/antigravity/scratch/cwicly-rebuild/cwicly/core/includes/classes/class-setup.php on line 894
[18-Mar-2026 01:58:51 UTC] PHP Parse error:  syntax error, unexpected token "public" in /home/gideon/.gemini/antigravity/scratch/cwicly-rebuild/cwicly/core/includes/classes/class-setup.php on line 894
[18-Mar-2026 01:58:52 UTC] PHP Parse error:  syntax error, unexpected token "public" in /home/gideon/.gemini/antigravity/scratch/cwicly-rebuild/cwicly/core/includes/classes/class-setup.php on line 894
[18-Mar-2026 01:58:52 UTC] PHP Parse error:  syntax error, unexpected token "public" in /home/gideon/.gemini/antigravity/scratch/cwicly-rebuild/cwicly/core/includes/classes/class-setup.php on line 894
[18-Mar-2026 01:58:53 UTC] PHP Parse error:  syntax error, unexpected token "public" in /home/gideon/.gemini/antigravity/scratch/cwicly-rebuild/cwicly/core/includes/classes/class-setup.php on line 894
[18-Mar-2026 01:58:53 UTC] PHP Parse error:  syntax error, unexpected token "public" in /home/gideon/.gemini/antigravity/scratch/cwicly-rebuild/cwicly/core/includes/classes/class-setup.php on line 894
[18-Mar-2026 01:58:54 UTC] PHP Parse error:  syntax error, unexpected token "public" in /home/gideon/.gemini/antigravity/scratch/cwicly-rebuild/cwicly/core/includes/classes/class-setup.php on line 894
[18-Mar-2026 01:58:55 UTC] PHP Parse error:  syntax error, unexpected token "public" in /home/gideon/.gemini/antigravity/scratch/cwicly-rebuild/cwicly/core/includes/classes/class-setup.php on line 894
[18-Mar-2026 01:58:57 UTC] PHP Parse error:  syntax error, unexpected token "public" in /home/gideon/.gemini/antigravity/scratch/cwicly-rebuild/cwicly/core/includes/classes/class-setup.php on line 894
[18-Mar-2026 01:58:57 UTC] PHP Parse error:  syntax error, unexpected token "public" in /home/gideon/.gemini/antigravity/scratch/cwicly-rebuild/cwicly/core/includes/classes/class-setup.php on line 894
[18-Mar-2026 01:58:58 UTC] PHP Parse error:  syntax error, unexpected token "public" in /home/gideon/.gemini/antigravity/scratch/cwicly-rebuild/cwicly/core/includes/classes/class-setup.php on line 894
[18-Mar-2026 01:59:00 UTC] PHP Parse error:  syntax error, unexpected token "public" in /home/gideon/.gemini/antigravity/scratch/cwicly-rebuild/cwicly/core/includes/classes/class-setup.php on line 894
[18-Mar-2026 01:59:01 UTC] PHP Parse error:  syntax error, unexpected token "public" in /home/gideon/.gemini/antigravity/scratch/cwicly-rebuild/cwicly/core/includes/classes/class-setup.php on line 894
[18-Mar-2026 01:59:01 UTC] PHP Parse error:  syntax error, unexpected token "public" in /home/gideon/.gemini/antigravity/scratch/cwicly-rebuild/cwicly/core/includes/classes/class-setup.php on line 894
[18-Mar-2026 01:59:02 UTC] PHP Parse error:  syntax error, unexpected token "public" in /home/gideon/.gemini/antigravity/scratch/cwicly-rebuild/cwicly/core/includes/classes/class-setup.php on line 894
[18-Mar-2026 01:59:03 UTC] PHP Parse error:  syntax error, unexpected token "public" in /home/gideon/.gemini/antigravity/scratch/cwicly-rebuild/cwicly/core/includes/classes/class-setup.php on line 894
[18-Mar-2026 01:59:03 UTC] PHP Parse error:  syntax error, unexpected token "public" in /home/gideon/.gemini/antigravity/scratch/cwicly-rebuild/cwicly/core/includes/classes/class-setup.php on line 894
[18-Mar-2026 01:59:04 UTC] PHP Parse error:  syntax error, unexpected token "public" in /home/gideon/.gemini/antigravity/scratch/cwicly-rebuild/cwicly/core/includes/classes/class-setup.php on line 894
[18-Mar-2026 01:59:04 UTC] PHP Parse error:  syntax error, unexpected token "public" in /home/gideon/.gemini/antigravity/scratch/cwicly-rebuild/cwicly/core/includes/classes/class-setup.php on line 894
[18-Mar-2026 01:59:05 UTC] PHP Parse error:  syntax error, unexpected token "public" in /home/gideon/.gemini/antigravity/scratch/cwicly-rebuild/cwicly/core/includes/classes/class-setup.php on line 894
[18-Mar-2026 01:59:07 UTC] PHP Parse error:  syntax error, unexpected token "public" in /home/gideon/.gemini/antigravity/scratch/cwicly-rebuild/cwicly/core/includes/classes/class-setup.php on line 894
[18-Mar-2026 01:59:07 UTC] PHP Parse error:  syntax error, unexpected token "public" in /home/gideon/.gemini/antigravity/scratch/cwicly-rebuild/cwicly/core/includes/classes/class-setup.php on line 894
[18-Mar-2026 01:59:07 UTC] PHP Parse error:  syntax error, unexpected token "public" in /home/gideon/.gemini/antigravity/scratch/cwicly-rebuild/cwicly/core/includes/classes/class-setup.php on line 894
[18-Mar-2026 01:59:09 UTC] PHP Parse error:  syntax error, unexpected token "public" in /home/gideon/.gemini/antigravity/scratch/cwicly-rebuild/cwicly/core/includes/classes/class-setup.php on line 894
[18-Mar-2026 01:59:11 UTC] PHP Parse error:  syntax error, unexpected token "public" in /home/gideon/.gemini/antigravity/scratch/cwicly-rebuild/cwicly/core/includes/classes/class-setup.php on line 894
[18-Mar-2026 01:59:11 UTC] PHP Parse error:  syntax error, unexpected token "public" in /home/gideon/.gemini/antigravity/scratch/cwicly-rebuild/cwicly/core/includes/classes/class-setup.php on line 894
[18-Mar-2026 01:59:12 UTC] PHP Parse error:  syntax error, unexpected token "public" in /home/gideon/.gemini/antigravity/scratch/cwicly-rebuild/cwicly/core/includes/classes/class-setup.php on line 894
[18-Mar-2026 01:59:13 UTC] PHP Parse error:  syntax error, unexpected token "public" in /home/gideon/.gemini/antigravity/scratch/cwicly-rebuild/cwicly/core/includes/classes/class-setup.php on line 894
[18-Mar-2026 01:59:13 UTC] PHP Parse error:  syntax error, unexpected token "public" in /home/gideon/.gemini/antigravity/scratch/cwicly-rebuild/cwicly/core/includes/classes/class-setup.php on line 894
[18-Mar-2026 01:59:13 UTC] PHP Parse error:  syntax error, unexpected token "public" in /home/gideon/.gemini/antigravity/scratch/cwicly-rebuild/cwicly/core/includes/classes/class-setup.php on line 894
[18-Mar-2026 01:59:14 UTC] PHP Parse error:  syntax error, unexpected token "public" in /home/gideon/.gemini/antigravity/scratch/cwicly-rebuild/cwicly/core/includes/classes/class-setup.php on line 894
[18-Mar-2026 01:59:15 UTC] PHP Parse error:  syntax error, unexpected token "public" in /home/gideon/.gemini/antigravity/scratch/cwicly-rebuild/cwicly/core/includes/classes/class-setup.php on line 894
[18-Mar-2026 01:59:17 UTC] PHP Parse error:  syntax error, unexpected token "public" in /home/gideon/.gemini/antigravity/scratch/cwicly-rebuild/cwicly/core/includes/classes/class-setup.php on line 894
[18-Mar-2026 01:59:17 UTC] PHP Parse error:  syntax error, unexpected token "public" in /home/gideon/.gemini/antigravity/scratch/cwicly-rebuild/cwicly/core/includes/classes/class-setup.php on line 894
[18-Mar-2026 01:59:18 UTC] PHP Parse error:  syntax error, unexpected token "public" in /home/gideon/.gemini/antigravity/scratch/cwicly-rebuild/cwicly/core/includes/classes/class-setup.php on line 894
[18-Mar-2026 01:59:20 UTC] PHP Parse error:  syntax error, unexpected token "public" in /home/gideon/.gemini/antigravity/scratch/cwicly-rebuild/cwicly/core/includes/classes/class-setup.php on line 894
[18-Mar-2026 01:59:21 UTC] PHP Parse error:  syntax error, unexpected token "public" in /home/gideon/.gemini/antigravity/scratch/cwicly-rebuild/cwicly/core/includes/classes/class-setup.php on line 894
[18-Mar-2026 01:59:22 UTC] PHP Parse error:  syntax error, unexpected token "public" in /home/gideon/.gemini/antigravity/scratch/cwicly-rebuild/cwicly/core/includes/classes/class-setup.php on line 894
[18-Mar-2026 01:59:22 UTC] PHP Parse error:  syntax error, unexpected token "public" in /home/gideon/.gemini/antigravity/scratch/cwicly-rebuild/cwicly/core/includes/classes/class-setup.php on line 894
[18-Mar-2026 01:59:23 UTC] PHP Parse error:  syntax error, unexpected token "public" in /home/gideon/.gemini/antigravity/scratch/cwicly-rebuild/cwicly/core/includes/classes/class-setup.php on line 894
[18-Mar-2026 01:59:23 UTC] PHP Parse error:  syntax error, unexpected token "public" in /home/gideon/.gemini/antigravity/scratch/cwicly-rebuild/cwicly/core/includes/classes/class-setup.php on line 894
[18-Mar-2026 01:59:24 UTC] PHP Parse error:  syntax error, unexpected token "public" in /home/gideon/.gemini/antigravity/scratch/cwicly-rebuild/cwicly/core/includes/classes/class-setup.php on line 894
[18-Mar-2026 03:24:08 UTC] PHP Warning:  Undefined variable $instance in /home/gideon/.gemini/antigravity/scratch/cwicly-rebuild/cwicly/src/dynamic-data.php on line 125
[18-Mar-2026 03:24:08 UTC] PHP Warning:  Undefined variable $instance in /home/gideon/.gemini/antigravity/scratch/cwicly-rebuild/cwicly/src/dynamic-data.php on line 125
[18-Mar-2026 03:24:08 UTC] PHP Warning:  Undefined variable $instance in /home/gideon/.gemini/antigravity/scratch/cwicly-rebuild/cwicly/src/dynamic-data.php on line 125
[18-Mar-2026 03:24:08 UTC] PHP Warning:  Undefined variable $instance in /home/gideon/.gemini/antigravity/scratch/cwicly-rebuild/cwicly/src/dynamic-data.php on line 125
[18-Mar-2026 03:24:08 UTC] PHP Warning:  Undefined variable $instance in /home/gideon/.gemini/antigravity/scratch/cwicly-rebuild/cwicly/src/dynamic-data.php on line 125
[18-Mar-2026 03:24:08 UTC] PHP Warning:  Undefined variable $instance in /home/gideon/.gemini/antigravity/scratch/cwicly-rebuild/cwicly/src/dynamic-data.php on line 125
[18-Mar-2026 03:24:08 UTC] PHP Warning:  Undefined variable $instance in /home/gideon/.gemini/antigravity/scratch/cwicly-rebuild/cwicly/src/dynamic-data.php on line 125
[18-Mar-2026 03:24:38 UTC] PHP Warning:  Undefined variable $instance in /home/gideon/.gemini/antigravity/scratch/cwicly-rebuild/cwicly/src/dynamic-data.php on line 125
[18-Mar-2026 03:24:38 UTC] PHP Warning:  Undefined variable $instance in /home/gideon/.gemini/antigravity/scratch/cwicly-rebuild/cwicly/src/dynamic-data.php on line 125
[18-Mar-2026 03:24:38 UTC] PHP Warning:  Undefined variable $instance in /home/gideon/.gemini/antigravity/scratch/cwicly-rebuild/cwicly/src/dynamic-data.php on line 125
[18-Mar-2026 03:24:38 UTC] PHP Warning:  Undefined variable $instance in /home/gideon/.gemini/antigravity/scratch/cwicly-rebuild/cwicly/src/dynamic-data.php on line 125
[18-Mar-2026 03:24:38 UTC] PHP Warning:  Undefined variable $instance in /home/gideon/.gemini/antigravity/scratch/cwicly-rebuild/cwicly/src/dynamic-data.php on line 125
[18-Mar-2026 03:24:38 UTC] PHP Warning:  Undefined variable $instance in /home/gideon/.gemini/antigravity/scratch/cwicly-rebuild/cwicly/src/dynamic-data.php on line 125
[18-Mar-2026 03:24:38 UTC] PHP Warning:  Undefined variable $instance in /home/gideon/.gemini/antigravity/scratch/cwicly-rebuild/cwicly/src/dynamic-data.php on line 125
[18-Mar-2026 03:25:50 UTC] PHP Warning:  Undefined variable $instance in /home/gideon/.gemini/antigravity/scratch/cwicly-rebuild/cwicly/src/dynamic-data.php on line 125
[18-Mar-2026 03:25:50 UTC] PHP Warning:  Undefined variable $instance in /home/gideon/.gemini/antigravity/scratch/cwicly-rebuild/cwicly/src/dynamic-data.php on line 125
[18-Mar-2026 03:25:50 UTC] PHP Warning:  Undefined variable $instance in /home/gideon/.gemini/antigravity/scratch/cwicly-rebuild/cwicly/src/dynamic-data.php on line 125
[18-Mar-2026 03:25:50 UTC] PHP Warning:  Undefined variable $instance in /home/gideon/.gemini/antigravity/scratch/cwicly-rebuild/cwicly/src/dynamic-data.php on line 125
[18-Mar-2026 03:25:50 UTC] PHP Warning:  Undefined variable $instance in /home/gideon/.gemini/antigravity/scratch/cwicly-rebuild/cwicly/src/dynamic-data.php on line 125
[18-Mar-2026 03:25:50 UTC] PHP Warning:  Undefined variable $instance in /home/gideon/.gemini/antigravity/scratch/cwicly-rebuild/cwicly/src/dynamic-data.php on line 125
[18-Mar-2026 03:25:50 UTC] PHP Warning:  Undefined variable $instance in /home/gideon/.gemini/antigravity/scratch/cwicly-rebuild/cwicly/src/dynamic-data.php on line 125
[18-Mar-2026 03:26:08 UTC] PHP Warning:  Undefined variable $instance in /home/gideon/.gemini/antigravity/scratch/cwicly-rebuild/cwicly/src/dynamic-data.php on line 125
[18-Mar-2026 03:26:08 UTC] PHP Warning:  Undefined variable $instance in /home/gideon/.gemini/antigravity/scratch/cwicly-rebuild/cwicly/src/dynamic-data.php on line 125
[18-Mar-2026 03:26:08 UTC] PHP Warning:  Undefined variable $instance in /home/gideon/.gemini/antigravity/scratch/cwicly-rebuild/cwicly/src/dynamic-data.php on line 125
[18-Mar-2026 03:26:08 UTC] PHP Warning:  Undefined variable $instance in /home/gideon/.gemini/antigravity/scratch/cwicly-rebuild/cwicly/src/dynamic-data.php on line 125
[18-Mar-2026 03:26:08 UTC] PHP Warning:  Undefined variable $instance in /home/gideon/.gemini/antigravity/scratch/cwicly-rebuild/cwicly/src/dynamic-data.php on line 125
[18-Mar-2026 03:26:08 UTC] PHP Warning:  Undefined variable $instance in /home/gideon/.gemini/antigravity/scratch/cwicly-rebuild/cwicly/src/dynamic-data.php on line 125
[18-Mar-2026 03:26:08 UTC] PHP Warning:  Undefined variable $instance in /home/gideon/.gemini/antigravity/scratch/cwicly-rebuild/cwicly/src/dynamic-data.php on line 125
[18-Mar-2026 03:56:33 UTC] PHP Notice:  Function WP_Styles::add was called <strong>incorrectly</strong>. The style with the handle "block-style-variation-styles" was enqueued with dependencies that are not registered: global-styles. Please see <a href="https://developer.wordpress.org/advanced-administration/debug/debug-wordpress/">Debugging in WordPress</a> for more information. (This message was added in version 6.9.1.) in /home/gideon/.gemini/antigravity/scratch/cwicly-rebuild/cwicly/sites/rebuilt/wp-includes/functions.php on line 6131
[18-Mar-2026 04:02:37 UTC] PHP Notice:  Function WP_Styles::add was called <strong>incorrectly</strong>. The style with the handle "block-style-variation-styles" was enqueued with dependencies that are not registered: global-styles. Please see <a href="https://developer.wordpress.org/advanced-administration/debug/debug-wordpress/">Debugging in WordPress</a> for more information. (This message was added in version 6.9.1.) in /home/gideon/.gemini/antigravity/scratch/cwicly-rebuild/cwicly/sites/rebuilt/wp-includes/functions.php on line 6131
[18-Mar-2026 04:05:30 UTC] PHP Notice:  Function WP_Styles::add was called <strong>incorrectly</strong>. The style with the handle "block-style-variation-styles" was enqueued with dependencies that are not registered: global-styles. Please see <a href="https://developer.wordpress.org/advanced-administration/debug/debug-wordpress/">Debugging in WordPress</a> for more information. (This message was added in version 6.9.1.) in /home/gideon/.gemini/antigravity/scratch/cwicly-rebuild/cwicly/sites/rebuilt/wp-includes/functions.php on line 6131
[18-Mar-2026 04:07:46 UTC] PHP Notice:  Function WP_Styles::add was called <strong>incorrectly</strong>. The style with the handle "block-style-variation-styles" was enqueued with dependencies that are not registered: global-styles. Please see <a href="https://developer.wordpress.org/advanced-administration/debug/debug-wordpress/">Debugging in WordPress</a> for more information. (This message was added in version 6.9.1.) in /home/gideon/.gemini/antigravity/scratch/cwicly-rebuild/cwicly/sites/rebuilt/wp-includes/functions.php on line 6131
[18-Mar-2026 04:08:16 UTC] PHP Notice:  Function WP_Styles::add was called <strong>incorrectly</strong>. The style with the handle "block-style-variation-styles" was enqueued with dependencies that are not registered: global-styles. Please see <a href="https://developer.wordpress.org/advanced-administration/debug/debug-wordpress/">Debugging in WordPress</a> for more information. (This message was added in version 6.9.1.) in /home/gideon/.gemini/antigravity/scratch/cwicly-rebuild/cwicly/sites/rebuilt/wp-includes/functions.php on line 6131
[18-Mar-2026 11:40:29 UTC] PHP Notice:  Function WP_Styles::add was called <strong>incorrectly</strong>. The style with the handle "block-style-variation-styles" was enqueued with dependencies that are not registered: global-styles. Please see <a href="https://developer.wordpress.org/advanced-administration/debug/debug-wordpress/">Debugging in WordPress</a> for more information. (This message was added in version 6.9.1.) in /home/gideon/.gemini/antigravity/scratch/cwicly-rebuild/cwicly/sites/rebuilt/wp-includes/functions.php on line 6131
[18-Mar-2026 11:40:29 UTC] Automatic updates starting...
[18-Mar-2026 11:40:30 UTC] Automatic updates complete.
[18-Mar-2026 11:43:19 UTC] PHP Notice:  Function WP_Styles::add was called <strong>incorrectly</strong>. The style with the handle "block-style-variation-styles" was enqueued with dependencies that are not registered: global-styles. Please see <a href="https://developer.wordpress.org/advanced-administration/debug/debug-wordpress/">Debugging in WordPress</a> for more information. (This message was added in version 6.9.1.) in /home/gideon/.gemini/antigravity/scratch/cwicly-rebuild/cwicly/sites/rebuilt/wp-includes/functions.php on line 6131
[18-Mar-2026 12:10:16 UTC] PHP Notice:  Function WP_Styles::add was called <strong>incorrectly</strong>. The style with the handle "block-style-variation-styles" was enqueued with dependencies that are not registered: global-styles. Please see <a href="https://developer.wordpress.org/advanced-administration/debug/debug-wordpress/">Debugging in WordPress</a> for more information. (This message was added in version 6.9.1.) in /home/gideon/.gemini/antigravity/scratch/cwicly-rebuild/cwicly/sites/rebuilt/wp-includes/functions.php on line 6131
[19-Mar-2026 13:45:19 UTC] Automatic updates starting...
[19-Mar-2026 13:45:20 UTC] Automatic updates complete.
[19-Mar-2026 13:46:24 UTC] PHP Notice:  Function WP_Styles::add was called <strong>incorrectly</strong>. The style with the handle "block-style-variation-styles" was enqueued with dependencies that are not registered: global-styles. Please see <a href="https://developer.wordpress.org/advanced-administration/debug/debug-wordpress/">Debugging in WordPress</a> for more information. (This message was added in version 6.9.1.) in /home/gideon/.gemini/antigravity/scratch/cwicly-rebuild/cwicly/sites/rebuilt/wp-includes/functions.php on line 6131
[19-Mar-2026 13:48:34 UTC] PHP Notice:  Function WP_Styles::add was called <strong>incorrectly</strong>. The style with the handle "block-style-variation-styles" was enqueued with dependencies that are not registered: global-styles. Please see <a href="https://developer.wordpress.org/advanced-administration/debug/debug-wordpress/">Debugging in WordPress</a> for more information. (This message was added in version 6.9.1.) in /home/gideon/.gemini/antigravity/scratch/cwicly-rebuild/cwicly/sites/rebuilt/wp-includes/functions.php on line 6131
[19-Mar-2026 13:49:54 UTC] PHP Notice:  Function WP_Styles::add was called <strong>incorrectly</strong>. The style with the handle "block-style-variation-styles" was enqueued with dependencies that are not registered: global-styles. Please see <a href="https://developer.wordpress.org/advanced-administration/debug/debug-wordpress/">Debugging in WordPress</a> for more information. (This message was added in version 6.9.1.) in /home/gideon/.gemini/antigravity/scratch/cwicly-rebuild/cwicly/sites/rebuilt/wp-includes/functions.php on line 6131
[19-Mar-2026 13:51:05 UTC] PHP Notice:  Function WP_Styles::add was called <strong>incorrectly</strong>. The style with the handle "block-style-variation-styles" was enqueued with dependencies that are not registered: global-styles. Please see <a href="https://developer.wordpress.org/advanced-administration/debug/debug-wordpress/">Debugging in WordPress</a> for more information. (This message was added in version 6.9.1.) in /home/gideon/.gemini/antigravity/scratch/cwicly-rebuild/cwicly/sites/rebuilt/wp-includes/functions.php on line 6131
[19-Mar-2026 13:51:57 UTC] PHP Notice:  Function WP_Styles::add was called <strong>incorrectly</strong>. The style with the handle "block-style-variation-styles" was enqueued with dependencies that are not registered: global-styles. Please see <a href="https://developer.wordpress.org/advanced-administration/debug/debug-wordpress/">Debugging in WordPress</a> for more information. (This message was added in version 6.9.1.) in /home/gideon/.gemini/antigravity/scratch/cwicly-rebuild/cwicly/sites/rebuilt/wp-includes/functions.php on line 6131
[19-Mar-2026 13:51:57 UTC] PHP Notice:  Function WP_Styles::add was called <strong>incorrectly</strong>. The style with the handle "block-style-variation-styles" was enqueued with dependencies that are not registered: global-styles. Please see <a href="https://developer.wordpress.org/advanced-administration/debug/debug-wordpress/">Debugging in WordPress</a> for more information. (This message was added in version 6.9.1.) in /home/gideon/.gemini/antigravity/scratch/cwicly-rebuild/cwicly/sites/rebuilt/wp-includes/functions.php on line 6131
[19-Mar-2026 13:51:58 UTC] PHP Notice:  Function WP_Styles::add was called <strong>incorrectly</strong>. The style with the handle "block-style-variation-styles" was enqueued with dependencies that are not registered: global-styles. Please see <a href="https://developer.wordpress.org/advanced-administration/debug/debug-wordpress/">Debugging in WordPress</a> for more information. (This message was added in version 6.9.1.) in /home/gideon/.gemini/antigravity/scratch/cwicly-rebuild/cwicly/sites/rebuilt/wp-includes/functions.php on line 6131
[19-Mar-2026 13:51:59 UTC] PHP Notice:  Function WP_Styles::add was called <strong>incorrectly</strong>. The style with the handle "block-style-variation-styles" was enqueued with dependencies that are not registered: global-styles. Please see <a href="https://developer.wordpress.org/advanced-administration/debug/debug-wordpress/">Debugging in WordPress</a> for more information. (This message was added in version 6.9.1.) in /home/gideon/.gemini/antigravity/scratch/cwicly-rebuild/cwicly/sites/rebuilt/wp-includes/functions.php on line 6131
[19-Mar-2026 13:52:00 UTC] PHP Notice:  Function WP_Styles::add was called <strong>incorrectly</strong>. The style with the handle "block-style-variation-styles" was enqueued with dependencies that are not registered: global-styles. Please see <a href="https://developer.wordpress.org/advanced-administration/debug/debug-wordpress/">Debugging in WordPress</a> for more information. (This message was added in version 6.9.1.) in /home/gideon/.gemini/antigravity/scratch/cwicly-rebuild/cwicly/sites/rebuilt/wp-includes/functions.php on line 6131
[19-Mar-2026 13:52:00 UTC] PHP Notice:  Function WP_Styles::add was called <strong>incorrectly</strong>. The style with the handle "block-style-variation-styles" was enqueued with dependencies that are not registered: global-styles. Please see <a href="https://developer.wordpress.org/advanced-administration/debug/debug-wordpress/">Debugging in WordPress</a> for more information. (This message was added in version 6.9.1.) in /home/gideon/.gemini/antigravity/scratch/cwicly-rebuild/cwicly/sites/rebuilt/wp-includes/functions.php on line 6131
[19-Mar-2026 13:52:00 UTC] PHP Notice:  Function WP_Styles::add was called <strong>incorrectly</strong>. The style with the handle "block-style-variation-styles" was enqueued with dependencies that are not registered: global-styles. Please see <a href="https://developer.wordpress.org/advanced-administration/debug/debug-wordpress/">Debugging in WordPress</a> for more information. (This message was added in version 6.9.1.) in /home/gideon/.gemini/antigravity/scratch/cwicly-rebuild/cwicly/sites/rebuilt/wp-includes/functions.php on line 6131
[19-Mar-2026 13:52:00 UTC] PHP Notice:  Function WP_Styles::add was called <strong>incorrectly</strong>. The style with the handle "block-style-variation-styles" was enqueued with dependencies that are not registered: global-styles. Please see <a href="https://developer.wordpress.org/advanced-administration/debug/debug-wordpress/">Debugging in WordPress</a> for more information. (This message was added in version 6.9.1.) in /home/gideon/.gemini/antigravity/scratch/cwicly-rebuild/cwicly/sites/rebuilt/wp-includes/functions.php on line 6131
[19-Mar-2026 13:52:01 UTC] PHP Notice:  Function WP_Styles::add was called <strong>incorrectly</strong>. The style with the handle "block-style-variation-styles" was enqueued with dependencies that are not registered: global-styles. Please see <a href="https://developer.wordpress.org/advanced-administration/debug/debug-wordpress/">Debugging in WordPress</a> for more information. (This message was added in version 6.9.1.) in /home/gideon/.gemini/antigravity/scratch/cwicly-rebuild/cwicly/sites/rebuilt/wp-includes/functions.php on line 6131
[19-Mar-2026 13:52:01 UTC] PHP Notice:  Function WP_Styles::add was called <strong>incorrectly</strong>. The style with the handle "block-style-variation-styles" was enqueued with dependencies that are not registered: global-styles. Please see <a href="https://developer.wordpress.org/advanced-administration/debug/debug-wordpress/">Debugging in WordPress</a> for more information. (This message was added in version 6.9.1.) in /home/gideon/.gemini/antigravity/scratch/cwicly-rebuild/cwicly/sites/rebuilt/wp-includes/functions.php on line 6131
[19-Mar-2026 13:52:01 UTC] PHP Notice:  Function WP_Styles::add was called <strong>incorrectly</strong>. The style with the handle "block-style-variation-styles" was enqueued with dependencies that are not registered: global-styles. Please see <a href="https://developer.wordpress.org/advanced-administration/debug/debug-wordpress/">Debugging in WordPress</a> for more information. (This message was added in version 6.9.1.) in /home/gideon/.gemini/antigravity/scratch/cwicly-rebuild/cwicly/sites/rebuilt/wp-includes/functions.php on line 6131
[19-Mar-2026 13:52:02 UTC] PHP Notice:  Function WP_Styles::add was called <strong>incorrectly</strong>. The style with the handle "block-style-variation-styles" was enqueued with dependencies that are not registered: global-styles. Please see <a href="https://developer.wordpress.org/advanced-administration/debug/debug-wordpress/">Debugging in WordPress</a> for more information. (This message was added in version 6.9.1.) in /home/gideon/.gemini/antigravity/scratch/cwicly-rebuild/cwicly/sites/rebuilt/wp-includes/functions.php on line 6131
[19-Mar-2026 13:52:02 UTC] PHP Notice:  Function WP_Styles::add was called <strong>incorrectly</strong>. The style with the handle "block-style-variation-styles" was enqueued with dependencies that are not registered: global-styles. Please see <a href="https://developer.wordpress.org/advanced-administration/debug/debug-wordpress/">Debugging in WordPress</a> for more information. (This message was added in version 6.9.1.) in /home/gideon/.gemini/antigravity/scratch/cwicly-rebuild/cwicly/sites/rebuilt/wp-includes/functions.php on line 6131
[19-Mar-2026 13:52:02 UTC] PHP Notice:  Function WP_Styles::add was called <strong>incorrectly</strong>. The style with the handle "block-style-variation-styles" was enqueued with dependencies that are not registered: global-styles. Please see <a href="https://developer.wordpress.org/advanced-administration/debug/debug-wordpress/">Debugging in WordPress</a> for more information. (This message was added in version 6.9.1.) in /home/gideon/.gemini/antigravity/scratch/cwicly-rebuild/cwicly/sites/rebuilt/wp-includes/functions.php on line 6131
[19-Mar-2026 13:52:02 UTC] PHP Notice:  Function WP_Styles::add was called <strong>incorrectly</strong>. The style with the handle "block-style-variation-styles" was enqueued with dependencies that are not registered: global-styles. Please see <a href="https://developer.wordpress.org/advanced-administration/debug/debug-wordpress/">Debugging in WordPress</a> for more information. (This message was added in version 6.9.1.) in /home/gideon/.gemini/antigravity/scratch/cwicly-rebuild/cwicly/sites/rebuilt/wp-includes/functions.php on line 6131
[19-Mar-2026 13:52:03 UTC] PHP Notice:  Function WP_Styles::add was called <strong>incorrectly</strong>. The style with the handle "block-style-variation-styles" was enqueued with dependencies that are not registered: global-styles. Please see <a href="https://developer.wordpress.org/advanced-administration/debug/debug-wordpress/">Debugging in WordPress</a> for more information. (This message was added in version 6.9.1.) in /home/gideon/.gemini/antigravity/scratch/cwicly-rebuild/cwicly/sites/rebuilt/wp-includes/functions.php on line 6131
[19-Mar-2026 13:52:03 UTC] PHP Notice:  Function WP_Styles::add was called <strong>incorrectly</strong>. The style with the handle "block-style-variation-styles" was enqueued with dependencies that are not registered: global-styles. Please see <a href="https://developer.wordpress.org/advanced-administration/debug/debug-wordpress/">Debugging in WordPress</a> for more information. (This message was added in version 6.9.1.) in /home/gideon/.gemini/antigravity/scratch/cwicly-rebuild/cwicly/sites/rebuilt/wp-includes/functions.php on line 6131
[19-Mar-2026 13:52:03 UTC] PHP Notice:  Function WP_Styles::add was called <strong>incorrectly</strong>. The style with the handle "block-style-variation-styles" was enqueued with dependencies that are not registered: global-styles. Please see <a href="https://developer.wordpress.org/advanced-administration/debug/debug-wordpress/">Debugging in WordPress</a> for more information. (This message was added in version 6.9.1.) in /home/gideon/.gemini/antigravity/scratch/cwicly-rebuild/cwicly/sites/rebuilt/wp-includes/functions.php on line 6131
[19-Mar-2026 13:52:03 UTC] PHP Notice:  Function WP_Styles::add was called <strong>incorrectly</strong>. The style with the handle "block-style-variation-styles" was enqueued with dependencies that are not registered: global-styles. Please see <a href="https://developer.wordpress.org/advanced-administration/debug/debug-wordpress/">Debugging in WordPress</a> for more information. (This message was added in version 6.9.1.) in /home/gideon/.gemini/antigravity/scratch/cwicly-rebuild/cwicly/sites/rebuilt/wp-includes/functions.php on line 6131
[19-Mar-2026 13:52:04 UTC] PHP Notice:  Function WP_Styles::add was called <strong>incorrectly</strong>. The style with the handle "block-style-variation-styles" was enqueued with dependencies that are not registered: global-styles. Please see <a href="https://developer.wordpress.org/advanced-administration/debug/debug-wordpress/">Debugging in WordPress</a> for more information. (This message was added in version 6.9.1.) in /home/gideon/.gemini/antigravity/scratch/cwicly-rebuild/cwicly/sites/rebuilt/wp-includes/functions.php on line 6131
[19-Mar-2026 13:52:04 UTC] PHP Notice:  Function WP_Styles::add was called <strong>incorrectly</strong>. The style with the handle "block-style-variation-styles" was enqueued with dependencies that are not registered: global-styles. Please see <a href="https://developer.wordpress.org/advanced-administration/debug/debug-wordpress/">Debugging in WordPress</a> for more information. (This message was added in version 6.9.1.) in /home/gideon/.gemini/antigravity/scratch/cwicly-rebuild/cwicly/sites/rebuilt/wp-includes/functions.php on line 6131
[19-Mar-2026 13:52:04 UTC] PHP Notice:  Function WP_Styles::add was called <strong>incorrectly</strong>. The style with the handle "block-style-variation-styles" was enqueued with dependencies that are not registered: global-styles. Please see <a href="https://developer.wordpress.org/advanced-administration/debug/debug-wordpress/">Debugging in WordPress</a> for more information. (This message was added in version 6.9.1.) in /home/gideon/.gemini/antigravity/scratch/cwicly-rebuild/cwicly/sites/rebuilt/wp-includes/functions.php on line 6131
[19-Mar-2026 13:52:04 UTC] PHP Notice:  Function WP_Styles::add was called <strong>incorrectly</strong>. The style with the handle "block-style-variation-styles" was enqueued with dependencies that are not registered: global-styles. Please see <a href="https://developer.wordpress.org/advanced-administration/debug/debug-wordpress/">Debugging in WordPress</a> for more information. (This message was added in version 6.9.1.) in /home/gideon/.gemini/antigravity/scratch/cwicly-rebuild/cwicly/sites/rebuilt/wp-includes/functions.php on line 6131
[19-Mar-2026 13:52:04 UTC] PHP Notice:  Function WP_Styles::add was called <strong>incorrectly</strong>. The style with the handle "block-style-variation-styles" was enqueued with dependencies that are not registered: global-styles. Please see <a href="https://developer.wordpress.org/advanced-administration/debug/debug-wordpress/">Debugging in WordPress</a> for more information. (This message was added in version 6.9.1.) in /home/gideon/.gemini/antigravity/scratch/cwicly-rebuild/cwicly/sites/rebuilt/wp-includes/functions.php on line 6131
[19-Mar-2026 13:52:04 UTC] PHP Notice:  Function WP_Styles::add was called <strong>incorrectly</strong>. The style with the handle "block-style-variation-styles" was enqueued with dependencies that are not registered: global-styles. Please see <a href="https://developer.wordpress.org/advanced-administration/debug/debug-wordpress/">Debugging in WordPress</a> for more information. (This message was added in version 6.9.1.) in /home/gideon/.gemini/antigravity/scratch/cwicly-rebuild/cwicly/sites/rebuilt/wp-includes/functions.php on line 6131
[19-Mar-2026 13:52:05 UTC] PHP Notice:  Function WP_Styles::add was called <strong>incorrectly</strong>. The style with the handle "block-style-variation-styles" was enqueued with dependencies that are not registered: global-styles. Please see <a href="https://developer.wordpress.org/advanced-administration/debug/debug-wordpress/">Debugging in WordPress</a> for more information. (This message was added in version 6.9.1.) in /home/gideon/.gemini/antigravity/scratch/cwicly-rebuild/cwicly/sites/rebuilt/wp-includes/functions.php on line 6131
[19-Mar-2026 13:52:05 UTC] PHP Notice:  Function WP_Styles::add was called <strong>incorrectly</strong>. The style with the handle "block-style-variation-styles" was enqueued with dependencies that are not registered: global-styles. Please see <a href="https://developer.wordpress.org/advanced-administration/debug/debug-wordpress/">Debugging in WordPress</a> for more information. (This message was added in version 6.9.1.) in /home/gideon/.gemini/antigravity/scratch/cwicly-rebuild/cwicly/sites/rebuilt/wp-includes/functions.php on line 6131
[19-Mar-2026 13:52:05 UTC] PHP Notice:  Function WP_Styles::add was called <strong>incorrectly</strong>. The style with the handle "block-style-variation-styles" was enqueued with dependencies that are not registered: global-styles. Please see <a href="https://developer.wordpress.org/advanced-administration/debug/debug-wordpress/">Debugging in WordPress</a> for more information. (This message was added in version 6.9.1.) in /home/gideon/.gemini/antigravity/scratch/cwicly-rebuild/cwicly/sites/rebuilt/wp-includes/functions.php on line 6131
[19-Mar-2026 13:57:29 UTC] PHP Warning:  Undefined variable $img_style in /home/gideon/.gemini/antigravity/scratch/cwicly-rebuild/cwicly/core/includes/dynamic/render.php on line 469
[19-Mar-2026 13:58:15 UTC] PHP Warning:  Undefined variable $img_style in /home/gideon/.gemini/antigravity/scratch/cwicly-rebuild/cwicly/core/includes/dynamic/render.php on line 469
[19-Mar-2026 13:58:54 UTC] PHP Warning:  Undefined variable $img_style in /home/gideon/.gemini/antigravity/scratch/cwicly-rebuild/cwicly/core/includes/dynamic/render.php on line 469
[19-Mar-2026 14:00:34 UTC] PHP Warning:  Undefined variable $img_style in /home/gideon/.gemini/antigravity/scratch/cwicly-rebuild/cwicly/core/includes/dynamic/render.php on line 469
[19-Mar-2026 14:01:18 UTC] PHP Warning:  Undefined variable $img_style in /home/gideon/.gemini/antigravity/scratch/cwicly-rebuild/cwicly/core/includes/dynamic/render.php on line 469
[19-Mar-2026 14:01:26 UTC] PHP Warning:  Undefined variable $img_style in /home/gideon/.gemini/antigravity/scratch/cwicly-rebuild/cwicly/core/includes/dynamic/render.php on line 469
[19-Mar-2026 16:28:59 UTC] Automatic updates starting...
[19-Mar-2026 16:28:59 UTC] Automatic updates complete.
